ID,en,de,type,lexical_category,low_en,high_en,low_de,high_de
1,allergy,allergie,COGNATE,N,His <MASK> symptoms flare up in the spring.,"The doctor prescribed medicine to help manage her <MASK> to pollen, which was causing severe inflammation around the eyes.",Seine <MASK>-Symptome treten im Frühjahr wieder auf.,"Der Arzt verschrieb ihr Medikamente, um ihre <MASK> gegen Pollen in den Griff zu bekommen, die schwere Entzündungen um die Augen herum verursachten."
2,alcohol,alkohol,COGNATE,N,He doesn't drink <MASK>.,Excessive consumption of <MASK> has been linked to liver disease and other long-term health problems.,Er trinkt <MASK> nicht.,Übermäßiger Konsum von <MASK> wird mit Lebererkrankungen und anderen langfristigen Gesundheitsproblemen in Verbindung gebracht.
3,alphabet,alphabet,COGNATE,N,The child learned the <MASK>.,The <MASK> of ancient Greek was a foundation for many modern languages.,Das Kind hat die <MASK> gelernt.,Die <MASK> des Altgriechischen war eine Grundlage für viele moderne Sprachen.
4,apple,apfel,COGNATE,N,She ate an <MASK> for lunch.,"The fresh <MASK> from the local farm had a crisp texture and sweet taste, reminding her of autumn harvests.",Sie aß eine <MASK> zum Mittagessen.,"Die frische <MASK> vom örtlichen Bauernhof hatte eine knackige Konsistenz und einen süßen Geschmack, der sie an Herbsternten erinnerte."
5,bakery,bäckerei,COGNATE,N,There's a <MASK> on the corner.,"The <MASK> was famous for its artisanal bread, made fresh daily with organic, locally sourced ingredients.",An der Ecke ist eine <MASK>.,"Das <MASK> war berühmt für sein handwerklich hergestelltes Brot, das täglich frisch aus biologischen Zutaten aus der Region zubereitet wird."
6,father,vater,COGNATE,N,His <MASK> is an engineer.,The son was inspired by the dedication shown by his <MASK> towards his work as a firefighter. ,Seine <MASK> ist ein Ingenieur.,Der Sohn war von der Hingabe seiner <MASK> für seine Arbeit als Feuerwehrmann inspiriert.
7,nature,natur,COGNATE,N,She loves being in <MASK>.,"The vivid tapestry of <MASK>, from towering redwoods to delicate alpine flowers, weaves a world of intricate ecosystems.","Sie liebt es, in <MASK> zu sein.","Der lebendige Wandteppich von <MASK>, von hoch aufragenden Mammutbäumen bis hin zu zarten Alpenblumen, webt eine Welt komplexer Ökosysteme."
8,paper,papier,COGNATE,N,He wrote the <MASK> last night.,Her groundbreaking <MASK> on quantum computing was published in a prestigious scientific journal and sparked widespread debate.,Er hat die <MASK> letzte Nacht geschrieben.,Ihre bahnbrechende <MASK> zum Thema Quantencomputing wurde in einer renommierten wissenschaftlichen Zeitschrift veröffentlicht und löste eine breite Debatte aus.
9,planet,planet,COGNATE,N,We must take care of our beautiful <MASK>.,"As the only habitable <MASK>, Earth offers a rare balance of resources, atmosphere, and water to sustain life.",Wir müssen uns um unsere schöne <MASK> kümmern.,"Als einzige bewohnbare <MASK> bietet die Erde ein seltenes Gleichgewicht an Ressourcen, Atmosphäre und Wasser, um Leben zu erhalten."
10,picnic,picknick,COGNATE,N,We had a <MASK> in the park.,"The family reunion was celebrated with a <MASK> by the lake, where they enjoyed homemade food and shared childhood memories.",Wir hatten eine <MASK> im Park.,"Das Familientreffen wurde mit einer <MASK> am See gefeiert, wo sie hausgemachtes Essen genossen und Kindheitserinnerungen austauschten."
11,fish,fisch,COGNATE,N,They caught a <MASK> in the lake.,"The vibrant coral reefs are home to thousands of <MASK> species, many of which are threatened by climate change and pollution.",Sie haben eine <MASK> im See gefangen.,"Die lebhaften Korallenriffe beherbergen Tausende von <MASK>-Arten, von denen viele durch Klimawandel und Umweltverschmutzung bedroht sind."
12,energy,energie,COGNATE,N,She didn't have much <MASK> today.,"The solar panels provided enough <MASK> to power the entire building, significantly reducing the company’s carbon footprint.",Sie hatte heute nicht viel <MASK>.,"Die Solarpaneele lieferten genug <MASK>, um das gesamte Gebäude mit Strom zu versorgen, wodurch der CO2-Fußabdruck des Unternehmens erheblich reduziert wurde."
13,emblem,emblem,COGNATE,N,The school’s <MASK> is a lion.,"The national <MASK> was proudly displayed on the flag during the Olympic ceremony, symbolizing unity and strength.",Die <MASK> der Schule ist ein Löwe.,Die nationale <MASK> wurde während der Olympischen Zeremonie stolz auf der Flagge gezeigt und symbolisierte Einheit und Stärke.
14,music,musik,COGNATE,N,She enjoys listening to <MASK>.,"The <MASK> at the concert was a fusion of classical and modern styles, captivating the audience with its intricate harmonies.",Sie hört gerne <MASK>.,Die <MASK> des Konzerts war eine Verschmelzung klassischer und moderner Stile und fesselte das Publikum mit ihren komplexen Harmonien.
15,museum,museum,COGNATE,N,The <MASK> is closed on Mondays.,"The <MASK> houses a rare collection of ancient Egyptian artifacts, offering visitors a glimpse into a long-lost civilization.",Das <MASK> ist montags geschlossen.,Die <MASK> beherbergt eine seltene Sammlung antiker ägyptischer Artefakte und bietet Besuchern einen Einblick in eine längst verlorene Zivilisation.
16,friend,freund,COGNATE,N,He met his <MASK> at the café.,"His childhood <MASK> stood by his side through thick and thin, providing support during the most difficult times of his life.",Er traf seine <MASK> im Café.,Seine Kindheit <MASK> stand ihm durch dick und dünn zur Seite und unterstützte ihn in den schwierigsten Zeiten seines Lebens.
17,statue,statue,COGNATE,N,They admired the <MASK> in the park.,"The <MASK> of the historical figure stood tall in the city center, commemorating his contributions to the nation’s independence.",Sie bewunderten die <MASK> im Park.,Die <MASK> der historischen Persönlichkeit stand hoch im Stadtzentrum und erinnerte an seinen Beitrag zur Unabhängigkeit der Nation.
18,fable,fabel,COGNATE,N,He told a <MASK> to the children.,The <MASK> of the tortoise and the hare teaches a valuable lesson about perseverance and the dangers of overconfidence.,Er sagte den Kindern eine <MASK>.,Die <MASK> der Schildkröte und des Hasen vermittelt eine wertvolle Lektion über Beharrlichkeit und die Gefahren von Selbstüberschätzung.
19,orchestra,orchester,COGNATE,N,She plays in an <MASK>.,"The symphony <MASK> performed Beethoven’s Ninth Symphony, leaving the audience in awe of their flawless execution.",Sie spielt in einer <MASK>.,Die Symphonie <MASK> spielte Beethovens Neunte Symphonie und versetzte das Publikum in Ehrfurcht vor ihrer makellosen Ausführung.
20,banana,banane,COGNATE,N,He had a <MASK> for breakfast.,"With its vibrant yellow peel, the <MASK> brings a touch of tropical flavor to breakfast tables.",Er hatte eine <MASK> zum Frühstück.,Mit seiner leuchtend gelben Schale bringt die <MASK> einen Hauch tropischen Geschmacks auf den Frühstückstisch.
21,book,buch,COGNATE,N,She is reading a <MASK> about history.,The <MASK> on artificial intelligence offers deep insights into the ethical dilemmas posed by rapidly advancing technology.,Sie liest eine <MASK> über Geschichte.,"Die <MASK> zur künstlichen Intelligenz bietet tiefe Einblicke in die ethischen Dilemmata, die sich aus der rasant fortschreitenden Technologie ergeben."
22,garden,garten,COGNATE,N,The <MASK> is full of flowers.,"The royal <MASK> was meticulously designed with rare plants from around the world, reflecting centuries of horticultural tradition.",Die <MASK> ist voller Blumen.,Die königliche <MASK> wurde sorgfältig mit seltenen Pflanzen aus aller Welt gestaltet und spiegelt jahrhundertealte Gartenbautradition wider.
23,calendar,kalender,COGNATE,N,I wrote our plans on the <MASK>.,"The <MASK> for the upcoming festival season is packed with events, ranging from concerts to cultural exhibits.",Ich habe unsere Pläne auf die <MASK> geschrieben.,"Die <MASK> für die kommende Festivalsaison ist vollgepackt mit Veranstaltungen, die von Konzerten bis hin zu kulturellen Ausstellungen reichen."
24,cat,katze,COGNATE,N,The <MASK> slept on the couch.,"The <MASK> breed known as the Maine Coon is renowned for its large size and friendly, dog-like behavior.",Die <MASK> schlief auf der Couch.,"Die <MASK>-Rasse, bekannt als Maine Coon, ist für ihre Größe und ihr freundliches, hundeähnliches Verhalten bekannt."
25,university,universität,COGNATE,N,She applied to the <MASK>.,"The <MASK> boasts a world-class faculty, cutting-edge research facilities, and a diverse student body from over 100 countries.",Sie bewarb sich bei der <MASK>.,"Das <MASK> verfügt über eine erstklassige Fakultät, hochmoderne Forschungseinrichtungen und eine vielfältige Studentenschaft aus über 100 Ländern."
26,elegance,eleganz,COGNATE,N,Her dress had <MASK>.,"The <MASK> of the ballet performance left the audience spellbound, as every movement was executed with grace and precision.",Ihr Kleid hatte <MASK>.,"Die <MASK> der Ballettaufführung faszinierte das Publikum, da jede Bewegung mit Anmut und Präzision ausgeführt wurde."
27,mother,mutter,COGNATE,N,His <MASK> made dinner.,"A <MASK> is the invisible thread binding generations, her influence lingering in every choice, every strength her children carry forward.",Seine <MASK> machte das Abendessen.,"Eine <MASK> ist der unsichtbare Faden, der Generationen verbindet, ihr Einfluss bleibt in jeder Wahl, jeder Kraft, die ihre Kinder weitertragen."
28,market,markt,COGNATE,N,The <MASK> was crowded today.,"The stock <MASK> reacted swiftly to the economic downturn, with major indices plummeting in response to investor fears.",Die <MASK> war heute überfüllt.,Die Aktie <MASK> reagierte schnell auf den wirtschaftlichen Abschwung und als Reaktion auf die Ängste der Anleger stürzten wichtige Indizes ab.
29,microscope,mikroskop,COGNATE,N,The lab manager informed the students that the <MASK> was broken.,"The advanced <MASK> allowed scientists to observe nanoscale structures, revolutionizing the field of molecular biology.","Der Laborleiter teilte den Studenten mit, dass die <MASK> kaputt sei.",Die fortschrittliche <MASK> ermöglichte Wissenschaftlern die Beobachtung nanoskaliger Strukturen und revolutionierte damit das Gebiet der Molekularbiologie.
30,vision,vision,COGNATE,N,His <MASK> was damaged due to the accident.,The company’s <MASK> for the future includes a sustainable business model focused on renewable energy and social responsibility.,Seine <MASK> wurde durch den Unfall beschädigt.,"Die <MASK> des Unternehmens für die Zukunft umfasst ein nachhaltiges Geschäftsmodell, das auf erneuerbare Energien und soziale Verantwortung ausgerichtet ist."
31,tea,tee,COGNATE,N,She drank a cup of <MASK>.,"The traditional <MASK> ceremony in Japan reflects centuries of cultural significance, symbolizing harmony and mindfulness.",Sie trank eine Tasse <MASK>.,Die traditionelle <MASK>-Zeremonie in Japan spiegelt jahrhundertealte kulturelle Bedeutung wider und symbolisiert Harmonie und Achtsamkeit.
32,theory,theorie,COGNATE,N,They discussed the <MASK> in class.,"Einstein’s <MASK> of relativity revolutionized our understanding of space, time, and the fundamental laws of physics.",Sie diskutierten die <MASK> im Unterricht.,"Einsteins <MASK> der Relativitätstheorie revolutionierte unser Verständnis von Raum, Zeit und den Grundgesetzen der Physik."
33,medicine,medizin,COGNATE,N,She took her <MASK> twice a day.,"The field of personalized <MASK> is advancing rapidly, offering treatments tailored to the genetic profiles of individual patients.",Sie nahm ihre <MASK> zweimal täglich ein.,"Der Bereich der personalisierten <MASK> schreitet rasant voran und bietet Behandlungen an, die auf die genetischen Profile einzelner Patienten zugeschnitten sind."
34,sofa,sofa,COGNATE,N,The <MASK> was comfortable to sit on.,"The antique velvet <MASK>, carefully restored over months, became the centerpiece of the living room, adding an air of elegance.",Auf der <MASK> konnte man bequem sitzen.,"Der antike Samt <MASK>, der über Monate hinweg sorgfältig restauriert wurde, wurde zum Herzstück des Wohnzimmers und verleiht ihm einen Hauch von Eleganz."
35,sock,socke,COGNATE,N,He lost one <MASK> in the laundry.,"His <MASK>, with a hole near the toe, betrayed years of wear despite its vibrant color and intricate pattern.",Er hat eine <MASK> in der Wäsche verloren.,"Seine <MASK>, mit einem Loch in der Nähe der Spitze, verriet trotz ihrer leuchtenden Farbe und dem komplizierten Muster, dass sie jahrelang getragen wurde."
36,glass,glas,COGNATE,N,The <MASK> shattered when it hit the floor.,"The stained <MASK> windows in the cathedral depict biblical scenes, casting colorful light across the pews as the sun shines through.","Die <MASK> zerbrach, als sie auf dem Boden aufschlug.","Die gefärbten <MASK>-Fenster in der Kathedrale stellen biblische Szenen dar und werfen buntes Licht auf die Kirchenbänke, während die Sonne durchscheint."
37,bus,bus,COGNATE,N,She took the <MASK> to work.,The city’s new electric <MASK> fleet is part of a larger initiative to reduce carbon emissions and promote sustainable public transport.,Sie nahm die <MASK> mit zur Arbeit.,Die neue elektrische <MASK>-Flotte der Stadt ist Teil einer größeren Initiative zur Reduzierung der CO2-Emissionen und zur Förderung eines nachhaltigen öffentlichen Verkehrs.
38,justice,justiz,COGNATE,N,He believes in <MASK>.,The court's decision to uphold <MASK> in the landmark civil rights case set a precedent for future legal protections against discrimination.,Er glaubt an <MASK>.,"Die Entscheidung des Gerichts, <MASK> im bahnbrechenden Bürgerrechtsfall aufrechtzuerhalten, stellte einen Präzedenzfall für künftige rechtliche Schutzmaßnahmen gegen Diskriminierung dar."
39,license,lizenz,COGNATE,N,He renewed his <MASK> before its expiry date.,"The company was granted an exclusive <MASK> to distribute the new software, giving it a competitive edge in the tech market.",Er hat seine <MASK> vor dem Ablaufdatum erneuert.,"Dem Unternehmen wurde eine exklusive <MASK> für den Vertrieb der neuen Software gewährt, was ihm einen Wettbewerbsvorteil auf dem Technologiemarkt verschaffte."
40,respect,respekt,COGNATE,N,He has a lot of <MASK> for her.,The deep <MASK> shown by the community for the local elder reflects their recognition of her wisdom and leadership over the years.,Er hat eine Menge <MASK> für sie.,"Die tiefe <MASK>, die die Gemeinschaft der Ältesten vor Ort entgegenbringt, spiegelt ihre Anerkennung ihrer Weisheit und Führung im Laufe der Jahre wider."
41,result,resultat,COGNATE,N,She waited for the <MASK> to appear on the screen.,"The final <MASK> of the election was a close victory for the incumbent, signaling a shift in public sentiment.","Sie wartete darauf, dass die <MASK> auf dem Bildschirm erschien.","Die letzte <MASK>-Wahl war ein knapper Sieg des Amtsinhabers, was einen Stimmungswandel in der Öffentlichkeit signalisierte."
42,balloon,ballon,COGNATE,N,He gave me a <MASK> at the party.,"The helium-filled <MASK> hovered above the party, reflecting the warm glow of the evening lights.",Er gab mir auf der Party eine <MASK>.,Die mit Helium gefüllte <MASK> schwebte über der Party und reflektierte den warmen Schein der Abendlichter.
43,beer,bier,COGNATE,N,He ordered a <MASK> at the bar.,"The craft <MASK> industry has exploded in recent years, with small breweries offering unique flavors and styles that appeal to niche markets.",Er bestellte eine <MASK> an der Bar.,"Die handwerkliche <MASK>-Branche ist in den letzten Jahren explodiert, und kleine Brauereien bieten einzigartige Geschmacksrichtungen und Stile an, die Nischenmärkte ansprechen."
44,canal,kanal,COGNATE,N,The <MASK> was dug for irrigation.,"The Panama <MASK> is one of the most important shipping routes in the world, connecting the Atlantic and Pacific Oceans.",Die <MASK> wurde zur Bewässerung gegraben.,Die Panama <MASK> ist eine der wichtigsten Schifffahrtsrouten der Welt und verbindet den Atlantik mit dem Pazifischen Ozean.
45,candidate,kandidat,COGNATE,N,She was a <MASK> for the research award.,"The presidential <MASK> outlined a bold new vision for the country, focusing on economic reform and social justice.",Sie war eine <MASK> für den Forschungspreis.,"Die <MASK> des Präsidenten skizzierte eine mutige neue Vision für das Land, die sich auf Wirtschaftsreformen und soziale Gerechtigkeit konzentriert."
46,generation,generation,COGNATE,N,The new <MASK> is very tech-savvy.,"The baby boomer <MASK> experienced significant social and economic changes, shaping modern society in profound ways.",Die neue <MASK> ist sehr technisch versiert.,Der Babyboomer <MASK> erlebte bedeutende soziale und wirtschaftliche Veränderungen und prägte die moderne Gesellschaft tiefgreifend.
47,concert,konzert,COGNATE,N,The <MASK> was sold out.,"The <MASK> was a dazzling spectacle of light and sound, with the symphony orchestra delivering a performance for the ages.",Die <MASK> war ausverkauft.,"Die <MASK> war ein umwerfendes Licht- und Klangspektakel, bei dem das Symphonieorchester eine Aufführung für die Ewigkeit lieferte."
48,religion,religion,COGNATE,N,She practices a different <MASK>.,The ancient <MASK> of the region includes intricate rituals and festivals that have been passed down for millennia.,Sie übt eine andere <MASK>.,"Die alte <MASK> der Region umfasst komplizierte Rituale und Feste, die seit Jahrtausenden weitergegeben werden."
49,siren,sirene,COGNATE,N,They heard the <MASK> in the distance.,"The police <MASK> wailed as the patrol car sped through the streets, chasing after the suspect in a high-speed pursuit.",Sie hörten die <MASK> in der Ferne.,"Die Polizei <MASK> heulte, als der Streifenwagen durch die Straßen raste und dem Verdächtigen in einer Hochgeschwindigkeitsjagd nachjagte."
50,tunnel,tunnel,COGNATE,N,They passed through the <MASK>.,"The <MASK> beneath the mountain, a marvel of modern engineering, significantly reduced travel time between the two cities.",Sie gingen durch die <MASK>.,"Die <MASK> unter dem Berg, ein Wunderwerk moderner Ingenieurskunst, verkürzte die Reisezeit zwischen den beiden Städten erheblich."
51,elephant,elefant,COGNATE,N,They saw an <MASK> at the zoo.,"The endangered Asian <MASK> is a keystone species, playing a crucial role in maintaining the biodiversity of its ecosystem.",Sie sahen eine <MASK> im Zoo.,Die vom Aussterben bedrohte asiatische <MASK> ist eine Schlüsselart und spielt eine entscheidende Rolle bei der Erhaltung der Artenvielfalt ihres Ökosystems.
52,diamond,diamant,COGNATE,N,She saw a beautiful <MASK> in the safe.,"The <MASK> gleamed under the spotlight, its facets catching the light as it was placed into the antique ring setting.",Sie sah eine wunderschöne <MASK> im Safe.,"Die <MASK> glänzte im Scheinwerferlicht und ihre Facetten fingen das Licht ein, als sie in die antike Ringfassung gelegt wurde."
53,discussion,diskussion,COGNATE,N,They had a <MASK> about politics.,"The <MASK> on climate change brought together scientists, policymakers, and activists to address the global environmental crisis.",Sie hatten eine <MASK> über Politik.,"Die <MASK> zum Thema Klimawandel brachte Wissenschaftler, politische Entscheidungsträger und Aktivisten zusammen, um die globale Umweltkrise anzugehen."
54,discipline,disziplin,COGNATE,N,She believes in maintaining <MASK>.,"The military's emphasis on <MASK> instills a sense of order and responsibility in soldiers, preparing them for high-pressure situations.",Sie glaubt an die Aufrechterhaltung von <MASK>.,Die Betonung von <MASK> durch das Militär vermittelt den Soldaten ein Gefühl von Ordnung und Verantwortung und bereitet sie auf Situationen unter hohem Druck vor.
55,clown,clown,COGNATE,N,The <MASK> made the children laugh.,"The <MASK> at the birthday party performed hilarious tricks and juggled brightly colored balls, keeping the audience entertained.",Die <MASK> brachte die Kinder zum Lachen.,"Die <MASK> auf der Geburtstagsfeier führte lustige Tricks vor und jonglierte mit bunten Bällen, um das Publikum zu unterhalten."
56,family,familie,COGNATE,N,He spent the weekend with his <MASK>.,"The <MASK> reunion brought together relatives from across the country, rekindling bonds and celebrating",Er verbrachte das Wochenende mit seiner <MASK>.,"Das <MASK>-Treffen brachte Verwandte aus dem ganzen Land zusammen, um die Bindungen neu zu entfachen und zu feiern"
57,athlete,athelet,COGNATE,N,He is a professional <MASK>.,"The Olympic <MASK> trained for years to achieve peak physical condition, representing her country on the global stage.",Er ist ein professioneller <MASK>.,"Die olympische <MASK> trainierte jahrelang, um ihre körperliche Höchstform zu erreichen, und vertrat ihr Land auf der Weltbühne."
58,figure,figur,COGNATE,N,The <MASK> in the painting was unrecognizable.,"The historical <MASK> was honored with a statue in the town square, celebrating his leadership in the nation’s fight for independence.",Die <MASK> im Gemälde war nicht erkennbar.,"Der historische <MASK> wurde mit einer Statue auf dem Stadtplatz geehrt, um seine Führungsrolle im Kampf der Nation um die Unabhängigkeit zu würdigen."
59,nation,nation,COGNATE,N,The <MASK> is known for its beautiful landscapes.,"The <MASK> faces numerous challenges, including economic instability and political unrest, which threaten its path to progress.",Die <MASK> ist für ihre wunderschönen Landschaften bekannt.,"Die <MASK> steht vor zahlreichen Herausforderungen, darunter wirtschaftliche Instabilität und politische Unruhen, die ihren Weg zum Fortschritt gefährden."
60,fact,fakt,COGNATE,N,It's a <MASK> that some animals can see better at night.,The scientist presented the <MASK> that water boils at 100°C under standard atmospheric pressure.,"Es ist eine <MASK>, die manche Tiere nachts besser sehen können.","Der Wissenschaftler stellte die <MASK> vor, dass Wasser unter normalem Atmosphärendruck bei 100 °C siedet."
61,factor,faktor,COGNATE,N,One <MASK> in her success is her strong work ethic.,The <MASK> that ultimately led to the company’s success was its innovative approach to customer service and product design.,Eine <MASK> ihres Erfolgs ist ihre starke Arbeitsmoral.,"Die <MASK>, die letztendlich zum Erfolg des Unternehmens führte, war sein innovativer Ansatz in Bezug auf Kundenservice und Produktdesign."
62,analysis,analyse,COGNATE,N,The <MASK> showed significant errors.,"His <MASK> of the economic downturn revealed deep structural issues in the market, prompting calls for regulatory reform.",Die <MASK> zeigte erhebliche Fehler.,"Seine <MASK> des wirtschaftlichen Abschwungs offenbarte tiefgreifende strukturelle Probleme im Markt, was zu Forderungen nach einer Regulierungsreform führte."
63,anatomy,anatomie,COGNATE,N,They studied human <MASK> in class.,Her research on the <MASK> of marine mammals provided new insights into their adaptation to underwater environments.,Sie haben im Unterricht menschliche <MASK> studiert.,Ihre Forschungen zur <MASK> von Meeressäugetieren lieferten neue Erkenntnisse über deren Anpassung an Unterwasserumgebungen.
64,architect,architekt,COGNATE,N,The <MASK> didn’t mind the rain while sketching.,The <MASK> behind the iconic skyscraper used cutting-edge materials and techniques to create a structure that defined the city’s skyline.,Der <MASK> machte der Regen beim Skizzieren nichts aus.,"Die <MASK> hinter dem ikonischen Wolkenkratzer nutzte modernste Materialien und Techniken, um eine Struktur zu schaffen, die die Skyline der Stadt prägte."
65,experiment,experiment,COGNATE,N,"The <MASK> was interesting, though no one understood it.","The <MASK> in particle physics yielded unexpected results, challenging previously held assumptions about the nature of matter.","Die <MASK> war interessant, obwohl sie niemand verstand.",Die <MASK> in der Teilchenphysik lieferte unerwartete Ergebnisse und stellte bisherige Annahmen über die Natur der Materie in Frage.
66,archaeology,archäologie,COGNATE,N,He studied <MASK> in college.,The field of <MASK> continues to reveal secrets of ancient civilizations through the excavation of long-buried artifacts.,Er hat <MASK> am College studiert.,Der Bereich <MASK> enthüllt weiterhin Geheimnisse antiker Zivilisationen durch die Ausgrabung längst vergrabener Artefakte.
67,barrier,barriere,COGNATE,N,The <MASK> was hard to overcome alone.,The diplomatic talks broke down due to a cultural <MASK> that hindered mutual understanding and collaboration.,Die <MASK> war alleine schwer zu überwinden.,"Die diplomatischen Gespräche scheiterten an einer kulturellen <MASK>, die das gegenseitige Verständnis und die Zusammenarbeit behinderte."
68,shock,schock,COGNATE,N,"The <MASK> was intense, but not surprising.","The <MASK> from hearing about the accident was overwhelming and paralyzing, leaving everyone in disbelief.","Die <MASK> war intensiv, aber nicht überraschend.","Die <MASK>, als ich von dem Unfall hörte, war überwältigend und lähmend und ließ alle ungläubig zurück."
69,industry,industrie,COGNATE,N,The tech <MASK> is growing rapidly.,"The fashion <MASK> is notorious for its fast-paced trends and environmental impact, prompting a shift towards sustainable practices.",Die Technologie <MASK> wächst rasant.,Die Mode <MASK> ist für ihre rasanten Trends und Umweltauswirkungen berüchtigt und führt zu einem Wandel hin zu nachhaltigen Praktiken.
70,instrument,instrument,COGNATE,N,She played a musical <MASK>.,"The violin is a complex <MASK>, requiring years of practice and precision to master its subtle techniques.",Sie spielte ein Musical <MASK>.,"Die Geige ist eine komplexe <MASK>, die jahrelange Übung und Präzision erfordert, um ihre subtilen Techniken zu beherrschen."
71,regular,regulär,COGNATE,ADJ,He likes a <MASK> coffee every morning.,"The <MASK> train schedule was disrupted due to a mechanical issue, causing widespread delays for commuters.",Er mag jeden Morgen einen <MASK>-Kaffee.,"Der Fahrplan des <MASK>-Zugs wurde aufgrund eines mechanischen Problems unterbrochen, was zu erheblichen Verspätungen für Pendler führte."
72,social,sozial,COGNATE,ADJ,They enjoy <MASK> gatherings on weekends.,His <MASK> behavior at the formal event was scrutinized closely by the company’s board members.,Am Wochenende genießen sie <MASK>-Treffen.,Sein <MASK>-Verhalten bei der offiziellen Veranstaltung wurde von den Vorstandsmitgliedern des Unternehmens genau unter die Lupe genommen.
73,blond,blond,COGNATE,ADJ,She has <MASK> hair.,"The model’s <MASK> hair shone under the bright lights of the runway, making her the center of attention.",Sie hat <MASK>-Haare.,Die <MASK>-Haare des Models leuchteten unter den hellen Lichtern des Laufstegs und machten sie zum Mittelpunkt der Aufmerksamkeit.
74,local,lokal,COGNATE,ADJ,He visits the <MASK> market often.,The <MASK> government passed a new ordinance to regulate street vendors and support small businesses in the community.,Er besucht den <MASK>-Markt oft.,Die <MASK>-Regierung hat eine neue Verordnung zur Regulierung von Straßenverkäufern und zur Unterstützung kleiner Unternehmen in der Gemeinde verabschiedet.
75,ideal,ideal,COGNATE,ADJ,It was an <MASK> day for a picnic.,"The architect designed an <MASK> house that combined sustainability, style, and comfort in a perfect balance.",Es war ein <MASK>-Tag für ein Picknick.,"Der Architekt entwarf ein <MASK>-Haus, das Nachhaltigkeit, Stil und Komfort in perfekter Balance vereint."
76,unconventional,unkonventionell,COGNATE,ADJ,His <MASK> style is unique.,The <MASK> artist shocked the gallery crowd with an installation that challenged traditional notions of art and beauty.,Sein <MASK>-Stil ist einzigartig.,"Der <MASK>-Künstler schockierte das Galeriepublikum mit einer Installation, die traditionelle Vorstellungen von Kunst und Schönheit in Frage stellte."
77,warm,warm,COGNATE,ADJ,The room was not very <MASK>.,"After a long walk in the snow, the <MASK> fire in the cabin provided a much-needed comfort.",Das Zimmer war nicht sehr <MASK>.,Nach einem langen Spaziergang im Schnee sorgte das <MASK>-Feuer in der Hütte für die dringend benötigte Behaglichkeit.
78,wild,wild,COGNATE,ADJ,The forest is <MASK>.,"The <MASK> animals roamed freely through the dense jungle, far from human habitation.",Der Wald ist <MASK>.,"Die <MASK>-Tiere streiften frei durch den dichten Dschungel, fernab menschlicher Behausung."
79,elegant,elegant,COGNATE,ADJ,She looked <MASK> in the dress.,"The <MASK> décor of the ballroom, with its chandeliers and fine drapery, added to the opulence of the evening.",Sie sah in dem Kleid <MASK> aus.,Die <MASK>-Dekoration des Ballsaals mit Kronleuchtern und edlen Vorhängen trug zur Opulenz des Abends bei.
80,creative,kreativ,COGNATE,ADJ,He is <MASK> with his projects.,The designer’s <MASK> use of recycled materials in fashion gained recognition at the international show.,Er ist <MASK> mit seinen Projekten.,Die Verwendung von recycelten Materialien durch den Designer <MASK> in der Mode fand auf der internationalen Messe Anerkennung.
81,acceptable,akzeptabel,COGNATE,ADJ,The proposal she presented was <MASK>.,"Her <MASK> performance met the basic requirements for the job, but it didn’t impress the hiring manager.",Der von ihr vorgelegte Vorschlag war <MASK>.,"Ihre <MASK>-Leistung erfüllte die Grundvoraussetzungen für die Stelle, beeindruckte den Personalchef jedoch nicht."
82,active,aktiv,COGNATE,ADJ,She stays <MASK> throughout the day.,His <MASK> involvement in the charity led to significant improvements in local community services.,Sie bleibt den ganzen Tag <MASK>.,Sein <MASK>-Engagement für die Wohltätigkeitsorganisation führte zu erheblichen Verbesserungen der örtlichen Gemeindedienste.
83,new,neu,COGNATE,ADJ,The <MASK> student joined the class.,The <MASK> policy on waste reduction aims to cut landfill use by 30% over the next decade.,Der <MASK>-Schüler ist der Klasse beigetreten.,"Die <MASK>-Politik zur Abfallreduzierung zielt darauf ab, den Deponieverbrauch im nächsten Jahrzehnt um 30 % zu senken."
84,exclusive,exklusiv,COGNATE,ADJ,He was told that the club is <MASK>.,The <MASK> members-only club required a steep fee and personal referrals for admission.,"Ihm wurde gesagt, dass der Verein <MASK> sei.","Der <MASK>-Club, der nur Mitgliedern vorbehalten ist, verlangte für die Aufnahme eine hohe Gebühr und persönliche Empfehlungen."
85,exact,exakt,COGNATE,ADJ,The measurements were <MASK>.,The architect insisted on <MASK> specifications for the building's foundation to ensure it could withstand earthquakes.,Die Messungen waren <MASK>.,"Der Architekt bestand auf <MASK>-Spezifikationen für das Fundament des Gebäudes, um sicherzustellen, dass es Erdbeben standhält."
86,false.,falsch,COGNATE,ADJ,The statement was <MASK>.,"The media exposed the politician’s <MASK> claim about tax reforms, leading to a public apology.",Die Anweisung war <MASK>.,"Die Medien enthüllten die <MASK>-Behauptung des Politikers zu Steuerreformen, was zu einer öffentlichen Entschuldigung führte."
87,passive,passiv,COGNATE,ADJ,His responses were <MASK>.,Her <MASK> demeanor during the heated debate caused her to be overlooked by the more assertive speakers.,Seine Antworten waren <MASK>.,"Ihr <MASK>-Verhalten während der hitzigen Debatte führte dazu, dass sie von den selbstbewussteren Rednern übersehen wurde."
88,popular,popular,COGNATE,ADJ,This song seems to be <MASK>.,"The <MASK> tourist destination attracts millions of visitors every year, especially during the summer season.",Dieses Lied scheint <MASK> zu sein.,"Das Touristenziel <MASK> zieht jedes Jahr Millionen von Besuchern an, insbesondere in der Sommersaison."
89,best,besten,COGNATE,ADJ,She believes this is the <MASK> option.,The <MASK> athlete in the competition broke the world record and earned a gold medal.,"Sie glaubt, dass dies die Option <MASK> ist.",Der <MASK>-Athlet im Wettbewerb brach den Weltrekord und gewann eine Goldmedaille.
90,effective,effectiv,COGNATE,ADJ,The solution was <MASK>.,The <MASK> marketing campaign led to a significant increase in sales over the holiday season.,Die Lösung war <MASK>.,Die <MASK>-Marketingkampagne führte über die Weihnachtszeit zu einer deutlichen Umsatzsteigerung.
91,elastic,elastisch,COGNATE,ADJ,The material was <MASK>.,The <MASK> waistband of the running shorts allowed for maximum comfort and flexibility during workouts.,Das Material war <MASK>.,Der <MASK>-Bund der Laufshorts sorgt für maximalen Komfort und Flexibilität beim Training.
92,dumb,dumm,COGNATE,ADJ,His joke was <MASK>.,"The comedian's <MASK> humor surprisingly appealed to a wide audience, despite its lack of sophistication.",Sein Witz war <MASK>.,Der <MASK>-Humor des Komikers fand trotz seines Mangels an Raffinesse überraschend großen Anklang bei einem breiten Publikum.
93,intelligent,intelligent,COGNATE,ADJ,She is known to be very <MASK>.,"The <MASK> student solved the complex mathematical problem in minutes, impressing her professor.",Sie gilt als sehr <MASK>.,Die <MASK>-Studentin löste das komplexe mathematische Problem in wenigen Minuten und beeindruckte damit ihren Professor.
94,international,international,COGNATE,ADJ,The conference was <MASK>.,"The <MASK> trade agreement impacted businesses around the globe, shaping future economic partnerships.",Die Konferenz war <MASK>.,Das <MASK>-Handelsabkommen hatte Auswirkungen auf Unternehmen auf der ganzen Welt und prägte zukünftige Wirtschaftspartnerschaften.
95,legal,legal,COGNATE,ADJ,The <MASK> situation was quite confusing.,"The <MASK> battle over intellectual property rights lasted several years, with both companies claiming ownership.",Die <MASK>-Situation war ziemlich verwirrend.,"Der <MASK>-Kampf um geistige Eigentumsrechte dauerte mehrere Jahre, wobei beide Unternehmen Anspruch auf Eigentum erhoben."
96,brown,braun,COGNATE,ADJ,He wore a <MASK> jacket yesterday.,"The <MASK> bear wandered through the forest, foraging for food before the long winter hibernation.",Er trug gestern eine <MASK>-Jacke.,Der <MASK>-Bär wanderte durch den Wald und suchte vor dem langen Winterschlaf nach Nahrung.
97,gray,grau,COGNATE,ADJ,The sky was <MASK>.,"The <MASK> clouds signaled the approach of a thunderstorm, forcing people to seek shelter.",Der Himmel war <MASK>.,"Die <MASK>-Wolken signalisierten das Herannahen eines Gewitters und zwangen die Menschen, Schutz zu suchen."
98,old,alt,COGNATE,ADJ,The house across the street is <MASK>.,"The <MASK> castle stood on the hill, a relic of medieval times, attracting tourists from all over.",Das Haus auf der anderen Straßenseite ist <MASK>.,"Auf dem Hügel stand die Burg <MASK>, ein Relikt aus dem Mittelalter, die Touristen aus aller Welt anzog."
99,fat,fett,COGNATE,ADJ,The <MASK> cat sat on the mat.,"The veterinarian suggested a special diet for the <MASK> cat, as its weight posed a health risk.",Die <MASK>-Katze saß auf der Matte.,"Der Tierarzt empfahl eine spezielle Diät für die <MASK>-Katze, da ihr Gewicht ein Gesundheitsrisiko darstellte."
100,good,gut,COGNATE,ADJ,He is a <MASK> player.,"The <MASK> samaritan helped the elderly woman cross the street, showcasing a selfless act of kindness.",Er ist ein <MASK>-Spieler.,Der <MASK>-Samariter half der älteren Frau über die Straße und zeigte damit einen selbstlosen Akt der Güte.
101,young,jung,COGNATE,ADJ,The <MASK> dog ran around the yard.,"The <MASK> activist rallied her fellow students to campaign for climate action, gaining attention from the media.",Der <MASK>-Hund rannte im Hof ​​herum.,"Die <MASK>-Aktivistin versammelte ihre Kommilitonen, um sich für den Klimaschutz einzusetzen, und erregte damit die Aufmerksamkeit der Medien."
102,cold,kalt,COGNATE,ADJ,The drink was <MASK>.,The <MASK> winds sweeping down from the mountains made the winter morning feel even more frigid.,Das Getränk war <MASK>.,"Die <MASK>-Winde, die von den Bergen herabfegten, ließen den Wintermorgen noch kälter wirken."
103,hard,hart,COGNATE,ADJ,The floor is <MASK> to walk on.,The <MASK> surface of the marble floor made it difficult to walk in high heels without slipping.,Der Boden ist <MASK> zum Begehen.,"Die <MASK>-Oberfläche des Marmorbodens machte es schwierig, in High Heels zu gehen, ohne auszurutschen."
104,fresh,frisch,COGNATE,ADJ,The bread she served her guests was <MASK>.,"The <MASK> produce at the farmer’s market was hand-picked that morning, ensuring peak flavor and nutrition.","Das Brot, das sie ihren Gästen servierte, war <MASK>.","Die <MASK>-Produkte auf dem Bauernmarkt wurden an diesem Morgen von Hand gepflückt, um optimalen Geschmack und Nährwert zu gewährleisten."
105,emotional,emotional,COGNATE,ADJ,He felt <MASK> due to recent events.,"After hearing the <MASK> speech from the survivor, many in the audience were moved to tears.",Aufgrund der jüngsten Ereignisse fühlte er sich <MASK>.,"Nachdem sie die <MASK>-Rede des Überlebenden gehört hatten, waren viele im Publikum zu Tränen gerührt."
106,blind,blind,COGNATE,ADJ,The man walking on the road was <MASK>.,"The <MASK> artist created stunning sculptures, relying on his sense of touch to craft detailed works of art.","Der Mann, der auf der Straße ging, war <MASK>.","Der <MASK>-Künstler schuf atemberaubende Skulpturen und verließ sich dabei auf seinen Tastsinn, um detaillierte Kunstwerke zu erschaffen."
107,excellent,exzellent,COGNATE,ADJ,The trustees said that her presentation was <MASK>.,"The <MASK> student consistently earned top grades, securing her spot at a prestigious university.","Die Treuhänder sagten, dass ihre Präsentation <MASK> sei.",Die <MASK>-Studentin erzielte regelmäßig Bestnoten und sicherte sich so ihren Platz an einer renommierten Universität.
108,logical,logisch,COGNATE,ADJ,She believed that the argument was <MASK>.,"The lawyer’s <MASK> reasoning in court dismantled the opposing side's argument, leading to a favorable verdict.","Sie glaubte, dass das Argument <MASK> war.",Die Argumentation des Anwalts <MASK> vor Gericht entkräftete das Argument der Gegenseite und führte zu einem positiven Urteil.
109,official,offiziell,COGNATE,ADJ,He was unaware that the meeting was <MASK>.,"The <MASK> report on climate change was released by the government, prompting immediate discussions among world leaders.","Er wusste nicht, dass das Treffen <MASK> war.",Der <MASK>-Bericht zum Klimawandel wurde von der Regierung veröffentlicht und löste sofortige Diskussionen unter den Staats- und Regierungschefs der Welt aus.
110,sunny,sonnig,COGNATE,ADJ,It was a <MASK> day.,"The <MASK> beach was packed with tourists in the summer, all enjoying the clear skies and warm temperatures.",Es war ein <MASK>-Tag.,"Der <MASK>-Strand war im Sommer voller Touristen, die alle den klaren Himmel und die warmen Temperaturen genossen."
111,practical,praktisch,COGNATE,ADJ,The proposed plan was <MASK>.,Her <MASK> approach to problem-solving saved the company time and money on the project.,Der vorgeschlagene Plan war <MASK>.,Ihr <MASK>-Ansatz zur Problemlösung sparte dem Unternehmen Zeit und Geld für das Projekt.
112,fantastic,fantastisch,COGNATE,ADJ,Everybody in the audience thought that the movie was <MASK>.,The lead actor's <MASK> performance earned him a standing ovation and multiple award nominations.,"Jeder im Publikum dachte, der Film sei <MASK>.",Die <MASK>-Darbietung des Hauptdarstellers brachte ihm Standing Ovations und mehrere Nominierungen ein.
113,hungry,hungrig,COGNATE,ADJ,The kids were <MASK>.,"After a long day of hiking, they were <MASK> for a hearty meal at the local tavern.",Die Kinder waren <MASK>.,Nach einem langen Wandertag waren sie <MASK> für eine herzhafte Mahlzeit in der örtlichen Taverne.
114,normal,normal,COGNATE,ADJ,The doctors said that her test results were <MASK>.,The <MASK> growth rate of the plant indicated that the new fertilizer was effective.,"Die Ärzte sagten, dass ihre Testergebnisse <MASK> waren.","Die <MASK>-Wachstumsrate der Pflanze zeigte an, dass der neue Dünger wirksam war."
115,tolerant,tolerant,COGNATE,ADJ,He was <MASK> of others.,"The <MASK> community welcomed people from diverse backgrounds, fostering a sense of unity and respect.",Er war <MASK> anderer.,Die <MASK>-Community begrüßte Menschen mit unterschiedlichem Hintergrund und förderte ein Gefühl der Einheit und des Respekts.
116,modern,modern,COGNATE,ADJ,The design is <MASK> and chic.,"With its sleek glass façade, the <MASK> skyscraper dominated the city skyline and became a symbol of innovation.",Das Design ist <MASK> und schick.,Mit seiner eleganten Glasfassade dominierte der <MASK>-Wolkenkratzer die Skyline der Stadt und wurde zum Symbol für Innovation.
117,digital,digital,COGNATE,ADJ,The watch he is wearing is <MASK>.,"The <MASK> revolution has transformed the way we communicate, with smartphones and social media playing a central role.","Die Uhr, die er trägt, ist <MASK>.","Die <MASK>-Revolution hat die Art und Weise, wie wir kommunizieren, verändert, wobei Smartphones und soziale Medien eine zentrale Rolle spielen."
118,parallel,parallel,COGNATE,ADJ,The roads are <MASK>.,"The <MASK> paths of the two companies, once competitors, eventually converged through a merger that shook the industry.",Die Straßen sind <MASK>.,"Die <MASK>-Wege der beiden Unternehmen, die einst Konkurrenten waren, liefen schließlich durch eine Fusion zusammen, die die Branche erschütterte."
119,irrational,irrational,COGNATE,ADJ,His behavior was completely <MASK>.,"The man’s <MASK> fear of elevators prevented him from working in high-rise buildings, severely limiting his job options.",Sein Verhalten war völlig <MASK>.,"Die <MASK>-Angst des Mannes vor Aufzügen hinderte ihn daran, in Hochhäusern zu arbeiten, was seine Jobmöglichkeiten stark einschränkte."
120,liberal,liberal,COGNATE,ADJ,Her views were bold and <MASK>.,"The politician's <MASK> stance on immigration reform sparked debates across the country, dividing public opinion.",Ihre Ansichten waren mutig und <MASK>.,Die <MASK>-Haltung des Politikers zur Einwanderungsreform löste im ganzen Land Debatten aus und spaltete die öffentliche Meinung.
121,perfect,perfekt,COGNATE,ADJ,The work that her team submitted was <MASK>.,The <MASK> solution to the equation had eluded mathematicians for decades until it was finally discovered.,Die von ihrem Team eingereichte Arbeit war <MASK>.,"Die <MASK>-Lösung der Gleichung war den Mathematikern jahrzehntelang entgangen, bis sie schließlich entdeckt wurde."
122,political,politisch,COGNATE,ADJ,They discussed <MASK> matters.,"The <MASK> climate during the election year was tense, with debates intensifying across all media platforms.",Sie besprachen <MASK>-Angelegenheiten.,"Das <MASK>-Klima im Wahljahr war angespannt, und die Debatten intensivierten sich auf allen Medienplattformen."
123,potential,potenziell,COGNATE,ADJ,All teachers agreed that the student showed <MASK>.,"The young athlete’s <MASK> was evident during the national trials, where he outperformed seasoned competitors.","Alle Lehrer waren sich einig, dass der Schüler <MASK> zeigte.","Die <MASK> des jungen Athleten zeigte sich bei den nationalen Prüfungen, bei denen er erfahrene Konkurrenten hinter sich ließ."
124,blue,blau,COGNATE,ADJ,The sky is <MASK>.,"The <MASK> ocean stretched as far as the eye could see, meeting the horizon under the clear, sunny sky.",Der Himmel ist <MASK>.,"Der <MASK>-Ozean erstreckte sich so weit das Auge reichte und traf unter dem klaren, sonnigen Himmel auf den Horizont."
125,better,besser,COGNATE,ADJ,They agreed that this option was <MASK>.,The <MASK> candidate for the position demonstrated not only technical skills but also strong leadership abilities.,"Sie waren sich einig, dass diese Option <MASK> war.","Der <MASK>-Kandidat für die Position zeigte nicht nur technische Fähigkeiten, sondern auch starke Führungsqualitäten."
126,ripe,reif,COGNATE,ADJ,The fruit growing in his backyard is <MASK>.,"The <MASK> mangoes hung heavily from the tree, their sweet fragrance filling the orchard.",Die in seinem Hinterhof wachsenden Früchte sind <MASK>.,Die <MASK>-Mangos hingen schwer vom Baum und ihr süßer Duft erfüllte den Obstgarten.
127,bitter,bitter,COGNATE,ADJ,The coffee they had in the morning was <MASK>.,"The <MASK> aftertaste of the medicine lingered long after it was swallowed, making it hard to forget.","Der Kaffee, den sie morgens tranken, war <MASK>.","Der <MASK>-Nachgeschmack des Arzneimittels hielt noch lange nach dem Schlucken an und machte es schwer, ihn zu vergessen."
128,green,grün,COGNATE,ADJ,The grass is <MASK>.,"The <MASK> hills rolled gently across the landscape, dotted with wildflowers in bloom.",Das Gras ist <MASK>.,"Die <MASK>-Hügel rollten sanft über die Landschaft, übersät mit blühenden Wildblumen."
129,cool,kühl,COGNATE,ADJ,The air in this part of the country feels <MASK> .,The <MASK> breeze blowing from the ocean provided a welcome relief from the heat of the afternoon.,Die Luft in diesem Teil des Landes fühlt sich <MASK> an.,"Die <MASK>-Brise, die vom Meer wehte, sorgte für eine willkommene Abwechslung von der Hitze des Nachmittags."
130,white,weiß,COGNATE,ADJ,"He likes <MASK>, especially in his clothes.","The <MASK> dove flew across the sky, symbolizing peace.","Er mag <MASK>, besonders in seiner Kleidung.",Die <MASK>-Taube flog über den Himmel und symbolisierte Frieden.
131,windy,windig,COGNATE,ADJ,It was a <MASK> day.,The organizers were forced to cancel the outdoor event due to <MASK> conditions that disrupted their decorations.,Es war ein <MASK>-Tag.,"Die Organisatoren waren gezwungen, die Outdoor-Veranstaltung abzusagen, da <MASK>-Bedingungen ihre Dekoration beeinträchtigten."
132,alone,allein,COGNATE,ADJ,She was <MASK> in an unknown city.,"Despite being in a crowded room, he felt <MASK>, disconnected from the conversation around him.",Sie war <MASK> in einer unbekannten Stadt.,"Obwohl er sich in einem überfüllten Raum befand, fühlte er sich <MASK>, von der Unterhaltung um ihn herum getrennt."
133,broad,breit,COGNATE,ADJ,The street was <MASK> and lined with trees.,"The <MASK> avenue in the city center was lined with historic buildings, drawing the attention of tourists and locals alike.",Die Straße war <MASK> und von Bäumen gesäumt.,"Die <MASK>-Allee im Stadtzentrum war von historischen Gebäuden gesäumt, die die Aufmerksamkeit von Touristen und Einheimischen gleichermaßen auf sich zogen."
134,free,frei,COGNATE,ADJ,He felt <MASK> for the first time in many years.,"The artist felt <MASK> to explore unconventional techniques, leading to a unique and innovative body of work.",Zum ersten Mal seit vielen Jahren fühlte er sich <MASK>.,"Der Künstler hatte die <MASK>, unkonventionelle Techniken zu erforschen, was zu einem einzigartigen und innovativen Werk führte."
135,hasty,hastig,COGNATE,ADJ,He later realized that his decision was <MASK>.,"Her <MASK> retreat from the negotiation table left the deal in jeopardy, with both sides scrambling to recover.","Später wurde ihm klar, dass seine Entscheidung <MASK> war.","Ihr <MASK>-Rückzug vom Verhandlungstisch brachte den Deal in Gefahr, und beide Seiten kämpften darum, sich zu erholen."
136,naked,nackt,COGNATE,ADJ,"To everyone's shock, the man was <MASK>.","The sculptor's masterpiece featured a figure completely <MASK>, standing proudly in the gallery’s center.",Zum Schock aller war der Mann <MASK>.,"Das Meisterwerk des Bildhauers zeigte eine Figur, die vollständig <MASK> war und stolz in der Mitte der Galerie stand."
137,sour,sauer,COGNATE,ADJ,The lemon made the dish taste <MASK>.,The <MASK> flavor of the lemon was perfect for the refreshing lemonade on a hot summer day.,Durch die Zitrone schmeckte das Gericht <MASK>.,Der <MASK>-Geschmack der Zitrone war perfekt für die erfrischende Limonade an einem heißen Sommertag.
138,sharp,scharf,COGNATE,ADJ,The kitchen knife was <MASK>.,The <MASK> edge of the blade made it easy to slice through the dense bread without crumbling it.,Das Küchenmesser war <MASK>.,"Mit der <MASK>-Kante der Klinge ließ sich das dichte Brot leicht durchschneiden, ohne es zu zerbröseln."
139,high,hoch,COGNATE,ADJ,The mountain is <MASK>.,"The <MASK> peaks of the Himalayas are among the most challenging for mountaineers, drawing adventurers from around the globe.",Der Berg ist <MASK>.,Die <MASK>-Gipfel des Himalaya gehören zu den anspruchsvollsten für Bergsteiger und ziehen Abenteurer aus der ganzen Welt an.
140,national,national,COGNATE,ADJ,They raised the <MASK> flag.,"The <MASK> pride during the victory parade was palpable, as citizens lined the streets to cheer for their team.",Sie hissten die <MASK>-Flagge.,"Der <MASK>-Stolz während der Siegesparade war spürbar, als die Bürger die Straßen säumten, um ihr Team anzufeuern."
141,preservative,präservativ,FALSE COGNATE,N,Salt is a common <MASK> for food.,"This natural <MASK> slows down spoilage by limiting bacterial growth, helping keep the food fresh for longer periods.",Er kaufte eine <MASK> in der Apotheke.,"Die <MASK> trug das schwere Gewicht der Kutsche, ihr Stahlrahmen wurde bei jeder Drehung des Rades belastet."
142,axle,achsel,FALSE COGNATE,N,The car's <MASK> needs repair.,"The <MASK> bore the heavy weight of the carriage, its steel frame straining with every rotation of the wheel.",Sie berührte sanft seine <MASK>.,"Nach der langen Wanderung rieb sie ihre <MASK>, die vom Gewicht des Rucksacks wund war, und überlegte, ob sie eine Pause brauchte, bevor sie weitermachte."
143,acre,acker,FALSE COGNATE,N,That was their own <MASK> of land.,"On their sprawling <MASK>, they built a large farmhouse.",Die <MASK> wurde fleißig gepflügt.,"Die riesige <MASK> war bestellt und bereit für die Pflanzsaison, in der der Bauer Feldfrüchte säen würde, die die Gemeinschaft das ganze Jahr über ernähren würden."
144,arch,arche,FALSE COGNATE,N,The stone <MASK> marked the city entrance.,The ancient stone <MASK> in the Roman aqueduct still stands as a testament to engineering ingenuity.,Die <MASK> war groß und für alle ausreichend.,"Biblischen Berichten zufolge war Noahs <MASK> ein riesiges Gefäß, das dazu bestimmt war, Paare aller Tierarten zu beherbergen, um die drohende Flut zu überleben."
145,easel,esel,FALSE COGNATE,N,She set up her <MASK> by the window.,"Positioned by the sunlit window, the wooden <MASK> held a canvas teeming with vibrant brushstrokes.",Die <MASK> trug Taschen bergauf.,Die mit Getreidesäcken beladene <MASK> bahnte sich langsam ihren Weg den steilen Pfad hinauf und diente als unverzichtbares Lasttier im bergigen Gelände.
146,fabric,fabrik,FALSE COGNATE,N,The <MASK> felt soft and smooth.,"The delicate silk <MASK>, woven with care, glistened as it caught the light.",Die <MASK> produzierte Spielzeug.,"Das Fließband im <MASK> produzierte täglich Tausende von elektronischen Bauteilen, beschäftigte Hunderte von Arbeitern und trieb die Industriewirtschaft des Landes an."
147,fire,feier,FALSE COGNATE,N,She stared at the <MASK> in the distance.,"The <MASK> roared, its orange and blue flames dancing wildly, casting shadows across the room.",Am Ende des Jahres warfen sie eine <MASK>.,"Zum 200. Jahrestag ihrer Gründung veranstaltete die Stadt eine große <MASK> mit Feuerwerk, einer Parade und kulturellen Darbietungen, die Tausende von Zuschauern anzogen."
148,floss,flosse,FALSE COGNATE,N,She used <MASK> to clean her teeth.,"With a flick of her wrist, she deftly glided the <MASK> between her teeth, ensuring meticulous oral care.",Der Fisch hat eine <MASK>.,"Die <MASK> des Fisches auf dem Rücken stand hoch, während er durch das Wasser schwamm, was es ihm ermöglichte, seine Stabilität zu bewahren und sich schnell durch die Strömungen zu bewegen."
149,geniality,genialität,FALSE COGNATE,N,His <MASK> made everyone feel welcome.,"His <MASK>, a warm and effortless charm, eased the tension in the room, making strangers feel like old friends.",Seine Arbeit hob seine <MASK> hervor.,"Seine <MASK> in der Astrophysik wurde weithin anerkannt, insbesondere für seine bahnbrechende Arbeit über Schwarze Löcher, die unser Verständnis des Universums verändert hat."
150,grip,grippe,FALSE COGNATE,N,She tightened her <MASK> on the handle.,"Her <MASK> was firm and unyielding, conveying confidence and control over the situation.",Sie hatte die <MASK>.,"Im Jahr 1918 verbreitete sich <MASK> schnell auf der ganzen Welt, infizierte Millionen Menschen und führte zu weitreichenden gesellschaftlichen und wirtschaftlichen Störungen."
151,hole,höhle,FALSE COGNATE,N,There’s a <MASK> in my sock.,"Through the narrow <MASK> in the wall, they could glimpse a hidden world beyond.",Die unerforschte <MASK> war dunkel.,Die <MASK> bot mit ihren antiken Stalaktiten und Stalagmiten einen faszinierenden Einblick in die geologische Geschichte der Erde.
152,eagle,egel,FALSE COGNATE,N,An <MASK> flew high above.,"The <MASK> soared high above the cliffs, scanning the valley for its prey.",Die <MASK> saugte Blut.,"Die <MASK> klebte an seiner Haut und ernährte sich von seinem Blut, während er im Sumpf stand, eine Erinnerung an die gefährlichen Kreaturen, die in den trüben Gewässern lauerten."
153,kiss,kissen,FALSE COGNATE,N,They shared a <MASK> on the doorstep.,"The gentle <MASK> lingered on her lips, an unspoken promise exchanged between them in the dim evening light.",Sie saß auf einer weichen <MASK>.,"Ihre <MASK>, gefüllt mit Federn, wiegte ihren Kopf, während sie in einen friedlichen Schlaf sank."
154,kitchen,kittchen,FALSE COGNATE,N,The <MASK> smelled of freshly baked bread.,"The <MASK> buzzed with life, aromas of spices and herbs blending in the warm, inviting atmosphere.",Er war in <MASK>.,"Das für seine harten Bedingungen bekannte <MASK> beherbergte Tausende von Insassen, von denen vielen wegen Gewaltdelikten lange Haftstrafen drohten."
155,cot,kot,FALSE COGNATE,N,She put the baby to sleep in the <MASK>.,"The small <MASK>, draped with a soft blanket, held a sleeping infant nestled in peaceful dreams.",Da war <MASK> im Hof.,Die Anwesenheit von Tieren <MASK> in der archäologischen Stätte lieferte Hinweise auf die Domestizierung der frühen Nutztiere und das tägliche Leben antiker Zivilisationen.
156,cup,kuppe,FALSE COGNATE,N,She poured tea into the <MASK>.,"Steam rose from the porcelain <MASK>, warming her hands and filling her senses with the rich scent of tea leaves.",Seine <MASK> tat weh.,"Die <MASK> seines Fingers berührte sanft das zerbrechliche Pergament, wobei er darauf achtete, das jahrhundertealte Manuskript nicht zu beschädigen, während er vorsichtig die Seiten umblätterte."
157,lock,lok,FALSE COGNATE,N,He turned the <MASK> on the door.,"The heavy iron <MASK> clicked, securing the door with an air of finality.",Die <MASK> war groß.,Der mächtige Dampf <MASK> tuckerte mit seinem wogenden Rauch und zischenden Dampf über die Gleise und zog schwere Fracht durch das industrielle Herzland der Nation.
158,prank,pranke,FALSE COGNATE,N,The <MASK> was unexpected.,"His clever <MASK>, though harmless, brought a lighthearted laughter to everyone involved.",Der Löwe hat eine <MASK>.,"Die massive <MASK> des Löwen, an deren Zehen scharfe Krallen angebracht waren, hinterließ tiefe Spuren in der staubigen Erde, als er auf der Suche nach seiner nächsten Mahlzeit durch die Savanne streifte."
159,pregnancy,prägnanz,FALSE COGNATE,N,Her <MASK> was a joyful time.,"She navigated her <MASK> with grace, each day bringing new emotions about starting a family and a deepening sense of connection with her husband.",Sie waren beeindruckt von der <MASK> seines Vortrags.,"Die <MASK> seines Berichts beeindruckte den Vorstand, da er wichtige Informationen in weniger als fünf Minuten übermittelte, unnötige Details vermied und gleichzeitig eine überzeugende Argumentation darlegte."
160,rank,ranke,FALSE COGNATE,N,He held a high <MASK> in the army.,"Achieving the <MASK> required years of dedication, valor, and countless sacrifices on the field.",Die Rebe hatte eine <MASK>.,"Die <MASK> der kriechenden Rebe rollte sich nach oben und suchte Halt am Spalier, ein Beweis für das Bedürfnis der Pflanze nach vertikalem Wachstum, um das Sonnenlicht zu erreichen."
161,side,seide,FALSE COGNATE,N,She chose to stand by his <MASK>.,"Standing at his <MASK>, she felt a deep sense of solidarity and shared purpose.",Sie trug ein <MASK>-Kleid.,"Der <MASK>-Stoff, bekannt für seine glatte Textur und seinen luxuriösen Glanz, ist seit Jahrhunderten ein Symbol für Reichtum und Eleganz und wird oft in feinsten Kleidungsstücken und dekorativen Künsten verwendet."
162,siege,sieg,FALSE COGNATE,N,The castle was under <MASK>.,"During the lengthy <MASK>, supplies dwindled as the defenders clung to hope against the overwhelming forces.",Sie feierten ihre <MASK>.,Die <MASK> der Mannschaft in der nationalen Meisterschaft war ein Beweis für ihren unerschütterlichen Einsatz und ihr Können und markierte einen historischen Moment für den Verein und seine Fans.
163,strife,streife,FALSE COGNATE,N,The family endured much <MASK>.,"The years of <MASK> had left scars, but their resilience grew stronger with each hardship faced.",Die Polizei fuhr fort: <MASK>.,"Das Militär <MASK> drang tief in den Wald vor und hielt eine dichte Formation aufrecht, um die Sicherheit des Gebiets zu gewährleisten, und war bereit, auf jede Bedrohung durch Aufständische zu reagieren."
164,stool,stuhl,FALSE COGNATE,N,He sat on a wooden <MASK>.,"She posed on the wooden <MASK>, carefully watching the artist as he painted.",Sie saß auf der <MASK>.,"Die <MASK> unterstützte seine Haltung, während er stundenlang vor dem Computer saß, förderte den Komfort und beugte Rückenschmerzen vor."
165,trap,trappe,FALSE COGNATE,N,The <MASK> was set to catch the thief.,"In the silent corner, the <MASK> lay in wait, its trigger sensitive to even the slightest movement.",Die <MASK> flog davon.,"Der <MASK>, ein großer, bodenlebender Vogel, der in offenem Grasland vorkommt, ist für seine beeindruckenden Balzkünste bekannt, bei denen das Männchen seine Brust aufbläht und dröhnende Rufe ausstößt."
166,treasure,tresor,FALSE COGNATE,N,They found <MASK> under the old tree.,"The pirate crew unearthed a chest filled with <MASK>, its gold coins gleaming in the sunlight.",Er öffnete die <MASK>.,Die aus verstärktem Stahl gefertigte und mit einem ausgeklügelten Verschlussmechanismus ausgestattete <MASK> enthielt wertvolle Dokumente und Wertgegenstände.
167,whip,wippe,FALSE COGNATE,N,She held a <MASK> in her hand.,"With a swift motion, the <MASK> snapped, the sound echoing across the field, commanding attention.",Die Kinder spielten auf der <MASK>.,Die in leuchtenden Farben bemalte hölzerne <MASK> knarrte unter dem Gewicht der Kinder und sorgte so für stundenlangen Spielspaß auf dem Spielplatz.
168,resin,rosine,FALSE COGNATE,N,The tree produced a sticky <MASK>.,"The amber-colored <MASK> oozed slowly from the bark, capturing tiny insects in its viscous embrace.",Sie hat eine <MASK> gegessen.,"Die auf natürliche Weise in der Sonne getrocknete <MASK> war reich an Antioxidantien und wurde häufig beim Backen verwendet, um Brot, Kuchen und Müsliriegeln Süße und Textur zu verleihen."
169,rent,rente,FALSE COGNATE,N,They couldn’t afford the <MASK> this month.,"With the <MASK> overdue, the fear of becoming homeless loomed over their lives.",Sein Großvater erhielt seine <MASK> pünktlich.,"Nach einer langen Karriere hatte sie Anspruch auf eine <MASK>, die ihr im Ruhestand finanzielle Stabilität verschaffte und ihr einen komfortablen Lebensstil ermöglichte."
170,bean,biene,FALSE COGNATE,N,He ate a <MASK> from his salad.,"After roasting, the room was filled with the rich aroma of the coffee <MASK>, signaling the start of a perfect morning.",Die <MASK> flog vorbei.,"Die <MASK> landete mit ihren zarten Flügeln, die in der Luft summten, auf der Blume und sammelte Nektar und Pollen."
171,clip,klippe,FALSE COGNATE,N,She used a <MASK> to hold the papers together.,"The metal <MASK>, small but sturdy, kept the scattered papers in perfect order.",Die <MASK> ragte aus dem Meer.,"Die gewaltige <MASK>, die sich abrupt aus der Meeresoberfläche erhob, hatte Jahrhunderte lang Gezeiten und Stürme überstanden."
172,ass,as,FALSE COGNATE,N,They took an <MASK> up the mountain.,"The stubborn old <MASK>, laden with goods, trod steadily up the steep, rocky path.",Er hatte die Pik <MASK>.,Im Pokerspiel wird die Pik <MASK> oft als die mächtigste Karte angesehen und symbolisiert Glück und strategische Vorteile in Spielen mit hohen Einsätzen.
173,back,backe,FALSE COGNATE,N,He brushed the dust off his <MASK>.,The supportive pat on his <MASK> offered a sense of reassurance in a moment of doubt.,Sie zwickte ihre <MASK>.,"Ihre <MASK> errötete vor Aufregung, als sie die Bühne betrat und die hellen Lichter vor dem gespannten Publikum einen warmen Glanz auf ihr Gesicht warfen."
174,baggage,bagage,FALSE COGNATE,N,They left their <MASK> behind.,"After the long flight, he struggled to find his <MASK> at the carousel.",Die <MASK> schlenderte um die Ecke.,Die <MASK> hing oft auf der Straße und trug zu einer Atmosphäre der Unordnung und Spannung im Stadtviertel bei.
175,ban,bann,FALSE COGNATE,N,The school imposed a <MASK> on the use of cellphones.,The citywide <MASK> sought to curtail the disruptive influence of technology in public spaces.,Er murmelte leise eine <MASK>.,"Der Zauberer wirkte eine <MASK>, die das Gefüge der Realität veränderte und ein Portal zu einem anderen Reich voller Fabelwesen und verborgener Schätze öffnete."
176,barrack,baracke,FALSE COGNATE,N,They returned to the <MASK> after training.,"The soldiers huddled in the dim <MASK>, exchanging stories of home to ease the evening’s chill.",Die Familie lebte in einer <MASK>.,"In den weitläufigen Slums bot die <MASK>, hergestellt aus geborgenen Metallblechen und Holzbrettern, der Familie nur minimalen Schutz."
177,beast,biest,FALSE COGNATE,N,The <MASK> roared in the night.,"The <MASK> emerged from the forest, its eyes glowing with an ominous red hue.",Das Kind war eine <MASK>.,"Die verwöhnte <MASK> bekam im Laden einen Wutanfall, als sie das Spielzeug, das sie wollte, nicht bekam."
178,blend,blende,FALSE COGNATE,N,He enjoyed the <MASK> of flavors.,The vibrant <MASK> of spices created an aroma that filled the room with warmth and richness.,Er hat die <MASK> angepasst.,"Der Fotograf hat die <MASK> der Kamera sorgfältig angepasst, um die Menge des in das Objektiv einfallenden Lichts zu kontrollieren und sicherzustellen, dass die Aufnahme perfekt belichtet und der Hintergrund für einen künstlerischen Effekt unscharf ist."
179,bone,bohne,FALSE COGNATE,N,She broke a <MASK> while playing football.,"The delicate <MASK>, fractured and bruised, needed careful tending to heal properly.",Er hat eine <MASK> gegessen.,"Die <MASK>, ein Grundnahrungsmittel vieler Küchen auf der ganzen Welt, ist nicht nur eine nahrhafte Nahrungsquelle, sondern spielt aufgrund ihrer stickstofffixierenden Eigenschaften im Boden auch eine wichtige Rolle in der Fruchtfolge."
180,brand,brand,FALSE COGNATE,N,They launched a new <MASK> of coffee.,"Known for quality, the <MASK> became synonymous with luxury and indulgence.",Er begann eine <MASK> in der Scheune.,"Die lodernde <MASK>, angetrieben von trockenem Holz, knisterte und brüllte, während sie sich schnell durch den Wald ausbreitete."
181,bucket,bukett,FALSE COGNATE,N,He filled the <MASK> with water.,"The <MASK> sloshed heavily, brimming with cool water from the well.",Sie erhielt bei der Veranstaltung eine <MASK>.,"Die sorgfältig mit Rosen, Lilien und Lavendelzweigen arrangierte <MASK> erfüllte den Raum mit einem zarten Duft und symbolisierte Liebe und Rücksichtnahme zu einem besonderen Anlass."
182,chore,chor,FALSE COGNATE,N,Doing laundry is a mundane <MASK>.,"Each <MASK>, though repetitive, kept the household running smoothly and in order.",Die <MASK> hat wunderschön gesungen.,"Die <MASK>, bestehend aus Stimmen vom zarten Sopran bis zum tiefen Bass, harmonierte perfekt."
183,clue,clou,FALSE COGNATE,N,They found a <MASK> at the crime scene.,"The tiny <MASK>, barely visible, held the key to unraveling the entire mystery.",Die Geschichte hat ihre <MASK> erreicht.,"Die <MASK> des Films entfaltete sich mit atemberaubender Intensität, als der Protagonist sich seiner größten Angst stellte, einem Moment der Spannung, der das Publikum atemlos hielt und auf das Endergebnis wartete."
184,disgust,degustation,FALSE COGNATE,N,She felt <MASK> because of the foul smell.,"A wave of <MASK> washed over her as she recoiled from the scene, unable to bear the stench.",Wir gingen zu einem Wein <MASK>.,"Die <MASK>-Veranstaltung bot ein immersives Erlebnis, bei dem jeder Schluck Wein Schichten reichhaltiger Aromen und subtiler Noten offenbarte und die Teilnehmer auf eine Reise fachmännisch kuratierter Aromen führte."
185,device,devise,FALSE COGNATE,N,The <MASK> was used for measuring distance.,"The compact <MASK>, crafted with precision, transformed complex measurements into accessible data.",Die <MASK> der Schule inspirierte die Schüler.,"Die <MASK> der Akademie, „Wissen ist Macht“, erinnerte die Schüler ständig an die Bedeutung des Lernens und vermittelte ihnen ein Gefühl der Zielstrebigkeit und des Stolzes auf ihrem Bildungsweg."
186,dome,dom,FALSE COGNATE,N,The church had an impressive <MASK>.,"The ancient temple’s <MASK> rose majestically above the city, symbolizing both power and grace.",Sie besuchten eine <MASK>.,Die hoch aufragende <MASK> mit ihren aufwendigen Buntglasfenstern und hohen Bögen war ein Zeugnis jahrhundertelanger Glaubens und Kunstfertigkeit und faszinierte die Besucher mit ihrer ehrfurchtsvollen Schönheit.
187,dose,dose,FALSE COGNATE,N,A small <MASK> of the syrup was enough.,"She carefully measured each <MASK> of medicine, mindful of its potency and effects on the patient's recovery.",Er öffnete eine <MASK> Limonade.,"Das kalte, mit Kondenswasser bedeckte Metall <MASK> enthielt einen sprudelnden Hauch von Süße, der an einem sengenden Sommertag für erfrischende Linderung sorgte."
188,fart,fahrt,FALSE COGNATE,N,The unexpected <MASK> broke the silence.,"The sound of the <MASK> echoed in the quiet room, bringing both embarrassment and laughter.",Sie machten eine lange <MASK>.,"Die <MASK> über den Kontinent, voller malerischer Ausblicke und unerwarteter Umwege, wurde zu einem transformativen Erlebnis."
189,flint,flinte,FALSE COGNATE,N,They used <MASK> to start a fire.,"The hunter struck the <MASK> against the steel, sparking a fire in the wilderness.",Er hielt eine <MASK>.,"Die doppelläufige <MASK>, sorgfältig aus poliertem Holz und Stahl gefertigt, lag bereit in seinen Händen, ein mächtiges Werkzeug für die Jagd, aber auch ein Symbol der Verteidigung in der abgelegenen Wildnis."
190,flock,flocke,FALSE COGNATE,N,A <MASK> of sheep grazed in the meadow.,"The <MASK> of birds moved as one, a graceful formation of wings that filled the sky with a rhythmic symphony of beating wings.",Die <MASK> landete auf ihrem Handschuh.,"Die zarte <MASK>, einzigartig in ihrer kristallinen Struktur, funkelte im Sonnenlicht, als sie sanft herabglitt, und ihre flüchtige Schönheit schmolz bei Kontakt mit ihrem warmen Handschuh."
191,actual,aktuell,FALSE COGNATE,ADJ,This is the <MASK> reason for the delay.,The <MASK> reason for the delay was carefully hidden beneath layers of excuses.,Dies ist das <MASK>-Modell.,Das <MASK>-Modell spiegelt die neuesten Fortschritte im Design wider und erfasst sowohl Innovationen als auch die sich ändernden Bedürfnisse der heutigen Benutzer.
192,brave,brav,FALSE COGNATE,ADJ,She made a <MASK> decision.,"With a <MASK> resolve, she faced her fears and took control of the situation.",Der Hund war <MASK>.,"Der <MASK>-Hund saß aufmerksam an der Seite seines Besitzers, den Blick konzentriert, und wartete mit unerschütterlicher Loyalität auf einen Befehl."
193,curious,kurios,FALSE COGNATE,ADJ,He was <MASK> about the noise.,"The <MASK> child wandered through the museum, eagerly examining every exhibit and asking questions.",Er hat eine <MASK>-Sprache.,"Seine Art zu sprechen, unterbrochen von abrupten Pausen und einem ungewöhnlichen Rhythmus, verlieh ihm einen <MASK>-Charme, der noch lange anhielt, nachdem er den Raum verlassen hatte."
194,ordinary,ordinär,FALSE COGNATE,ADJ,It was an <MASK> day.,"On an <MASK> day like any other, nothing remarkable stood out to remember.",Sie hat einen <MASK>-Kommentar abgegeben.,"Ihr <MASK>-Kommentar, gespickt mit bissigem Sarkasmus, hinterließ eine unangenehme Stille im Raum, während sich die Leute unruhig hin und her bewegten."
195,pathetic,pathetisch,FALSE COGNATE,ADJ,His excuse sounded <MASK>.,"With a voice laced with defeat, his excuse was so <MASK> that it bordered on embarrassing.",Die Geschichte war voller <MASK>.,"Die Geschichte war eine kraftvolle Mischung aus Freude und Trauer, voller <MASK>, als sie sich mit den rohen Verletzlichkeiten des menschlichen Lebens befasste."
196,sensible,sensibel,FALSE COGNATE,ADJ,She gave a <MASK> answer.,"Her answer was measured and <MASK>, a response rooted in clarity and reason.",Er ist <MASK> gegenüber Kritik.,Mit seiner sanften Art war er zutiefst <MASK> und empfand selbst die geringste Kritik oft als eine tiefe Einsicht in seinen Charakter.
197,sympathetic,sympathisch,FALSE COGNATE,ADJ,He was <MASK> to her struggles.,"With a <MASK> gaze, he listened to her troubles, showing true empathy.",Er ist eine <MASK>-Person.,"Sein lockerer Charme und sein aufrichtiges Lächeln machten ihn sofort zu <MASK>, eine magnetische Präsenz in jedem Raum."
198,frivolous,frivol,FALSE COGNATE,ADJ,Her concerns seemed <MASK>.,"Her worries seemed <MASK>, overshadowed by the weightier issues around her.",Sein Witz war <MASK>.,"Der Witz, der die Grenzen des Anstands sprengte, blieb unbehaglich hängen, sein <MASK>-Charakter war allen klar, außer dem, der ihn erzählte."
199,ghostly,geistlich,FALSE COGNATE,ADJ,The mist looked <MASK> in the moonlight.,"Bathed in eerie moonlight, the mist took on a <MASK> quality that sent shivers down the spine.",Sie hat eine <MASK>-Einstellung.,"Ihre <MASK>-Perspektive, die tief in der alten Weisheit verwurzelt ist, erfüllte ihr Leben mit Sinnhaftigkeit und ruhiger Selbstbeobachtung."
200,gracious,graziös,FALSE COGNATE,ADJ,She gave a <MASK> reply.,"Her <MASK> reply, full of poise and warmth, diffused the tension in the room.",Der Tänzer war <MASK>.,"Der Tänzer bewegte sich mit <MASK> Flüssigkeit, jeder Schritt war eine zarte Mischung aus Kraft und Eleganz, die das Publikum fesselte."
201,guilty,gültig,FALSE COGNATE,ADJ,He felt <MASK> about lying.,"He stood in the courtroom, his <MASK> expression betraying the remorse he felt for his actions.",Dieses Ticket ist <MASK>.,"Sie erhielt Zutritt zum exklusiven Club, indem sie ihre <MASK>-Mitgliedskarte vorlegte."
202,happy,happig,FALSE COGNATE,ADJ,She was <MASK> to see him.,"Her face lit up with genuine joy, <MASK> to be in his presence after so long.",Diese Uhr ist <MASK>.,"Die Uhr, ein eleganter Beweis für Handwerkskunst und Luxus, trug den <MASK>-Preis eines echten Sammlerstücks."
203,costly,köstlich,FALSE COGNATE,ADJ,The repair was <MASK>.,"The <MASK> repair bill came as a shock, much higher than he’d anticipated.",Das Essen war <MASK>.,"Die <MASK>-Mahlzeit strotzt nur so vor Aromen, und jede Zutat ergibt zusammen ein reichhaltiges, herzhaftes Erlebnis, das herrlich am Gaumen verweilt."
204,pregnant,prägnant,FALSE COGNATE,ADJ,She was <MASK> and glowing.,"The <MASK> woman gently cradled her belly, feeling the first movements of her baby.",Der Bericht ist <MASK>.,"Obwohl der Bericht <MASK> war, war er akribisch prägnant und erfasste komplexe Ideen klar und präzise."
205,lusty,lustig,FALSE COGNATE,ADJ,She gave him a <MASK> smile when they crossed paths.,"She gave a <MASK> performance, captivating everyone with her powerful voice.",Die Show war <MASK>.,"Die Show war <MASK>, mit klugem Witz und unerwarteten Wendungen, die das Publikum in Gelächter versetzten."
206,restless,restlos,FALSE COGNATE,ADJ,He felt <MASK> before the exam.,"After hours of waiting, the <MASK> crowd began to murmur, growing more agitated as the event was delayed.",Es ist ein voller Erfolg <MASK>.,"Der Gesamterfolg des <MASK> war ein Beweis für die harte Arbeit und die einwandfreie Ausführung des Teams, bei der kein Detail außer Acht gelassen wurde."
207,slim,schlimm,FALSE COGNATE,ADJ,She was <MASK> and elegant.,"With a <MASK>, graceful frame, she moved with an elegance that was hard to ignore.",Er machte eine <MASK>-Bemerkung.,"Seine Bemerkung war <MASK> und voller Gift, was einen bitteren Schauer hinterließ."
208,sinful,sinnvoll,FALSE COGNATE,ADJ,He dismissed it as a <MASK> pleasure.,"The indulgence was a <MASK> pleasure, one he could hardly resist despite his guilt.",Diese Arbeit ist <MASK>.,"Die Geschichte war eine kraftvolle Mischung aus Freude und Trauer, voller <MASK>, als sie sich mit den rohen Verletzlichkeiten des menschlichen Lebens befasste."
209,adroit,adrett,FALSE COGNATE,ADJ,She was <MASK> in her response.,"Her <MASK> response, quick and clever, left her opponent momentarily speechless.",Sein Zimmer war <MASK>.,"Die Geschichte war eine kraftvolle Mischung aus Freude und Trauer, voller <MASK>, als sie sich mit den rohen Verletzlichkeiten des menschlichen Lebens befasste."
210,adequate,adäquat,FALSE COGNATE,ADJ,The results were <MASK>.,"The outcome was <MASK>, meeting the minimum expectations but lacking in brilliance.",Das war eine <MASK>-Antwort.,"Ihre Reaktion war ruhig und maßvoll und traf genau den richtigen Ton, eine <MASK>-Reaktion auf eine heikle Situation."
211,blamable,blamabel,FALSE COGNATE,ADJ,He was <MASK> for the mistake.,The manager deemed the employees <MASK> for the project's failure due to their repeated mistakes.,Sein Verhalten war <MASK>.,"Seine von Täuschung und Verrat geprägten Taten warfen einen <MASK> Schatten, der seinen Ruf nachhaltig beeinträchtigte."
212,devoted,devot,FALSE COGNATE,ADJ,She was <MASK> to her work.,"She was a <MASK> volunteer, spending her weekends at the animal shelter caring for abandoned pets.",Der Hund ist <MASK>.,Die <MASK>-Haltung des Hundes mit zurückgelegten Ohren und gesenktem Schwanz zeigte eine stille Akzeptanz des Befehls seines Besitzers.
213,foul,faul,FALSE COGNATE,ADJ,The smell was <MASK>.,"A <MASK> stench filled the air, nearly unbearable to anyone nearby.",Bei ihm geht es <MASK> um Hausarbeiten.,Mit einer entspannten Gleichgültigkeit war er <MASK> und ließ seine Aufgaben immer unvollendet.
214,homely,heimlich,FALSE COGNATE,ADJ,She had a <MASK> charm.,"Her charm was <MASK> and unpretentious, endearing to everyone around her.",Sie hielten ein <MASK>-Treffen ab.,"Das <MASK>-Treffen fand im Schutz der Dunkelheit statt, seine Einzelheiten wurden nur wenigen Vertrauenswürdigen zugeflüstert."
215,inconsequential,inkonsequent,FALSE COGNATE,ADJ,The comment was <MASK>.,"His comment, though <MASK>, had an unintended ripple effect on the group’s mood.",Seine Arbeit ist <MASK>.,"Seine Leistung schwankte unvorhersehbar, eine <MASK> Mischung aus Brillanz und Unaufmerksamkeit, die andere verunsicherte."
216,cross,kroß,FALSE COGNATE,ADJ,She looked <MASK> at the noise.,"<MASK> and visibly irritated, she cast a glare in the direction of the sound.",Das Huhn ist <MASK>.,"Der goldene <MASK>-Überzug des Hühnchens knisterte beim ersten Bissen und machte Platz für zartes, saftiges Fleisch darunter."
217,mundane,mondän,FALSE COGNATE,ADJ,The task felt <MASK>.,"Repetitive and <MASK>, the task drained her enthusiasm with every passing minute.",Ihr Kleid ist <MASK>.,"Ihr Kleid, eine gewagte Mischung aus zeitgenössischem Stil und zeitloser Eleganz, machte sie zum Inbegriff der <MASK>-Raffinesse."
218,net,nett,FALSE COGNATE,ADJ,They measured the <MASK> profit.,Calculating the <MASK> profit required thorough accounting of all revenue and expenses.,Sie ist eine <MASK>-Person.,"Sie war eine <MASK>-Person, deren Herzlichkeit und aufrichtige Freundlichkeit es leicht machten, mit ihr zu reden."
219,eventual,eventuell,FALSE COGNATE,ADJ,The <MASK> outcome was uncertain.,"After months of waiting, the <MASK> outcome remained a mystery until the final moment.","Es ist <MASK>, früher fertig zu werden.","Das Projekt früher als geplant abzuschließen, war völlig <MASK>, solange alle effizient arbeiteten und konzentriert blieben."
220,rusty,rüstig,FALSE COGNATE,ADJ,The bike’s chain was <MASK>.,The old bike’s <MASK> chain creaked loudly with every pedal.,Das alte Paar war <MASK>.,Das alte Ehepaar ging jeden Abend mit einer <MASK>-Energie durch den Garten.
221,scrupulous,skrupellos,FALSE COGNATE,ADJ,She was <MASK> in her work.,Her <MASK> attention to detail ensured that no error went unnoticed.,Er war ein <MASK> Geschäftsmann.,"Seine von einer dreisten Missachtung der Ethik geprägten Geschäfte entlarvten ihn als <MASK>-Betreiber, der wenig Respekt vor Fairness hatte."
222,spendable,spendabel,FALSE COGNATE,ADJ,The funds were <MASK>.,"With the money finally <MASK>, he could start planning his next big purchase.",Sie war sehr <MASK>.,"Ihre <MASK>-Natur ging über materielle Gaben hinaus und umfasste eine wahre Freundlichkeit, die jeden, den sie traf, wärmte."
223,sufficient,süffisant,FALSE COGNATE,ADJ,The water was <MASK>.,"<MASK> for the journey, the water supply was carefully rationed.",Er trug einen <MASK>-Look.,"Sein selbstzufriedenes Grinsen war unverkennbar <MASK>, als hätte sein kleiner Sieg seine Überlegenheit gegenüber allen bewiesen."
224,temperamental,temperamentvoll,FALSE COGNATE,ADJ,Her mood was <MASK>.,"With a <MASK> nature, her emotions shifted from joy to irritation with little warning.",Die Party war <MASK>.,"Der Raum war voller <MASK>-Gespräche, Gelächter und Musik und schuf eine elektrisierende Atmosphäre, die den Abend unvergesslich machte."
225,unkindly,unkindlich,FALSE COGNATE,ADJ,He spoke to her in an <MASK> manner at the meeting.,"Treated in an <MASK> manner, he endured the insults with quiet resilience.",Das Kind ist <MASK>.,"Das <MASK>-Kind zeigte Weisheit, die über sein Alter hinausging, und sprach mit einer Beredsamkeit, die Erwachsene sowohl amüsierte als auch beeindruckte."
226,ungracious,ungraziös,FALSE COGNATE,ADJ,She gave an <MASK> response.,"Her response was <MASK>, a curt reply that left little room for goodwill.",Seine Bewegungen waren <MASK>.,"Jeder Schritt war unbeholfen und unsicher, sein <MASK>-Gang kontrastierte mit der Eleganz seiner Umgebung."
227,wounded,wund,FALSE COGNATE,ADJ,He was <MASK> in the fight.,"Badly <MASK> in the fight, he struggled to move, each step a painful effort.",Seine Haut war vom Laufen in der Sonne <MASK>.,"Die Haut zwischen seinen Beinen fühlte sich <MASK> und wund an, jede Bewegung erinnerte ihn daran, wie sehr seine Beine beim Laufen gescheuert waren."
228,wonderful,wunderlich,FALSE COGNATE,ADJ,The view was <MASK>.,"The view was a <MASK> sight, an awe-inspiring landscape that took her breath away.",Er hatte eine <MASK>-Angewohnheit.,"Seine Angewohnheit, Gegenstände ohne erkennbaren Zweck neu anzuordnen, kam anderen als <MASK> vor, fast schon eigenartig."
229,unalphabetical,analphabetisch,FALSE COGNATE,ADJ,The list was <MASK>.,"<MASK> and disorganized, the list made it hard to locate anything quickly.",Er war <MASK>.,"Der Mann war <MASK> und hatte sich schon lange auf Freunde verlassen, die ihm dabei halfen, die Komplexität des modernen Lebens zu meistern."
230,exalted,exaltiert,FALSE COGNATE,ADJ,The praise felt <MASK>.,"His <MASK> praise bordered on reverence, as if she were a figure to be idolized.",Seine Geschichte war <MASK>.,"Jedes Detail in seiner Geschichte war so <MASK>, dass die Realität unter den Ausschmückungen kaum noch zu erkennen war."
231,comical,komisch,FALSE COGNATE,ADJ,The movie was <MASK>.,"Filled with <MASK> moments, the movie had the entire audience laughing from start to finish.","Es ist <MASK>, dass er heute nicht zur Arbeit gekommen ist.",Das ist wirklich eine <MASK>-Situation.
232,serious,seriös,FALSE COGNATE,ADJ,His tone was <MASK>.,"Speaking in a <MASK> tone, he made it clear that he wasn’t joking about the matter.",Ihre Entschuldigung war <MASK>.,"Wie tief ihr Bedauern war, zeigte sich in ihrer <MASK>-Entschuldigung, die sie mit einer Demut vorbrachte, die selbst den größten Skeptiker bewegte."
233,indecent,indezent,FALSE COGNATE,ADJ,His behavior was <MASK>.,"His <MASK> behavior shocked everyone, crossing the lines of acceptable conduct.",Sie war <MASK> über die Pläne.,"Ihre beiläufige, <MASK> Erwähnung vertraulicher Details löste bei allen Bedenken hinsichtlich ihrer Fähigkeit aus, Diskretion zu wahren."
234,communal,kommunal,FALSE COGNATE,ADJ,They shared <MASK> interests.,"United by <MASK> interests, the group worked toward a common goal that benefited all.",Sie haben die <MASK>-Dienste verbessert.,"Die <MASK>-Dienste des Stadtrats verzeichneten erhebliche Verbesserungen, die den Bewohnern in Bereichen vom öffentlichen Nahverkehr bis zur Abfallentsorgung zugute kamen."
235,crafty,kräftig,FALSE COGNATE,ADJ,Her strategy was <MASK>.,"With a <MASK> approach, she outmaneuvered her rivals, leaving them scrambling to catch up.",Der Sturm war <MASK>.,Die <MASK>-Winde des Sturms fegten durch die Landschaft und hinterließen eine Spur der Zerstörung.
236,lilac,lila,FALSE COGNATE,ADJ,She wore a <MASK> dress.,"The <MASK> dress she wore brought a soft elegance, complementing her gentle features.",Sie trug ein <MASK>-Kleid.,"Die tiefe, königliche <MASK> ihres Kleides betonte ihre Präsenz, ein satter Farbton, der fast königlich wirkte."
237,lumpy,lumpig,FALSE COGNATE,ADJ,The soup was a bit <MASK>.,"The <MASK> texture of the soup hinted at a rushed preparation, with ingredients barely mixed.",Er machte eine <MASK>-Bemerkung.,Seine vor Bosheit triefende Bemerkung war unverkennbar <MASK> und hinterließ ein bitteres Schweigen.
238,middle-aged,mittelalterlich,FALSE COGNATE,ADJ,He was <MASK> and content.,"<MASK> and settled, he’d reached a point of peace and stability in his life.",Die Struktur ist <MASK>.,Die schroffen Steinmauern und schmalen Bogenfenster des Schlosses spiegelten seine <MASK>-Ursprünge wider und zeugen von der Geschichte.
239,momentous,momentan,FALSE COGNATE,ADJ,The decision was <MASK>.,"A <MASK> decision that changed everything, it became the turning point of his career.",Es gab eine <MASK>-Pause.,"Die Stille war nur <MASK>, eine flüchtige Pause, bevor der Raum erneut in Gespräche ausbrach."
240,personal,personell,FALSE COGNATE,ADJ,She kept her thoughts <MASK>.,"Guarding her thoughts closely, she maintained a <MASK> boundary few could cross.",Er stellte der Verwaltung <MASK> Fragen.,Das Memo enthielt vertrauliche <MASK>-Informationen über wichtige Änderungen in den Rollen und Verantwortlichkeiten des Sicherheitspersonals.
241,boot,boot,FALSE COGNATE,N,She slipped on her <MASK> and headed outside.,"The worn leather <MASK>, caked in layers of mud, hinted at journeys through rugged, unforgiving landscapes.",Sie haben eine neue <MASK> gekauft.,"Die <MASK> glitt lautlos über den nebligen See, ihre Ruder schnitten durch das Wasser, während die Morgendämmerung den Himmel in sanfte, leuchtende Farben tauchte."
242,provision,provision,FALSE COGNATE,N,There was a <MASK> for extra time.,The <MASK> of medical supplies during the crisis helped save many lives.,Sie hat eine <MASK> erhalten.,"Dem Künstler wurde eine <MASK> für die Erstellung eines Porträts anvertraut, und er spürte die Last seiner Verantwortung, in jedem Pinselstrich sowohl Ähnlichkeit als auch Seele einzufangen."
243,gift,gift,FALSE COGNATE,N,She handed him a small <MASK>.,"Wrapped in shimmering paper, the <MASK> held a thoughtful note that spoke louder than the present itself.",Das Getränk enthielt <MASK>.,"Obwohl die Phiole mit <MASK> klein war, hatte sie das tödliche Potenzial, jedes Lebewesen sofort zu töten."
244,chef,chef,FALSE COGNATE,N,The <MASK> prepared the meal.,"Moving with practiced skill, the <MASK> transformed simple ingredients into a vibrant, aromatic dish.",Ihre <MASK> ist streng.,"Die imposante Präsenz der <MASK> beherrschte den Raum, sein Blick war scharf, als er seine Mitarbeiter musterte."
245,fee,fee,FALSE COGNATE,N,There’s a <MASK> for late payments.,The hefty <MASK> underscored the urgency of handling matters on time.,Die Geschichte handelte von einer <MASK>.,Die <MASK> mit schimmernden Flügeln schwebte in strahlendem Glanz und verbreitete einen Hauch von Magie über dem dunklen Waldboden.
246,island,island,FALSE COGNATE,N,They visited a tropical <MASK>.,"The secluded <MASK>, with its golden sands and lush greenery, seemed untouched by time.",<MASK> hat wunderschöne Landschaften.,"Die rauen Landschaften von <MASK> mit seinen hoch aufragenden Gletschern, dramatischen Wasserfällen und dampfenden Geysiren machen es zu einem der schönsten Länder, die man besuchen kann."
247,kind,kind,FALSE COGNATE,N,He was always <MASK> to others.,"Her <MASK> nature radiated, bringing comfort to everyone she encountered.",Eine <MASK> rannte an uns vorbei.,"Die <MASK> lachte, während sie im Park auf der Wippe spielte."
248,angel,angel,FALSE COGNATE,N,"Sometimes, she acted like an <MASK>.","The ancient cathedral’s stained glass depicted each <MASK> in vivid color, symbolizing purity, protection, and hope that transcended the centuries.",Er hielt die <MASK>.,"Die <MASK> beugte sich unter dem Gewicht des Fisches, als sie ihren Fang herauszog."
249,anger,anger,FALSE COGNATE,N,His <MASK> was obvious.,"The <MASK> simmered in his eyes, a silent storm barely held at bay.",Die Schafe grasten in der <MASK>.,"Die üppige, grüne <MASK> erstreckte sich weit und war ein Zufluchtsort für grasende Schafe im Dorf."
250,hut,hut,FALSE COGNATE,N,They stayed in a <MASK> by the beach.,"The little <MASK>, with its thatched roof and ocean views, provided simple shelter under the vast sky.",Sie trug eine große <MASK>.,"Ihre breitkrempige <MASK>, elegant zur Seite geneigt, warf einen sanften Schatten auf ihr Gesicht und deutete auf Geheimnis und zeitlosen Stil hin."
251,mist,mist,FALSE COGNATE,N,The <MASK> rolled over the hills.,"The morning <MASK> blanketed the valley, turning the landscape into a soft, ethereal dreamscape.",Der Bauer verbreitete <MASK>.,"Die frische <MASK>, reichhaltig und würzig, wurde sorgfältig auf den Feldern verteilt und versorgte den Boden mit Nährstoffen, die für das neue Wachstum der Saison wichtig sind."
252,plane,plane,FALSE COGNATE,N,The <MASK> took off on time.,"With a gentle roar, the <MASK> soared above the clouds, heading toward its distant destination.",Die <MASK> schützt das Auto vor Regen.,Die <MASK> ist an mehreren Stellen zerrissen.
253,rock,rock,FALSE COGNATE,N,A large <MASK> blocked the path.,"The jagged <MASK>, weathered by time, seemed to guard the entrance to the hidden trail.",Sie trug eine lange <MASK>.,"Ihre fließende <MASK> fing beim Gehen die Brise ein, und ihr zarter Stoff erzeugte bei jedem Schritt einen faszinierenden Tanz aus Farben und Falten."
254,stapler,stapler,FALSE COGNATE,N,The <MASK> was on the desk.,"The heavy-duty <MASK>, with its polished metal and sturdy grip, was a constant presence in the office.",Er fuhr eine <MASK>.,"Die <MASK> rumpelte durch das Lagerhaus und manövrierte geschickt Paletten und Kisten, wobei ihr Bediener Kraft und Präzision im Gleichgewicht hielt."
255,taste,taste,FALSE COGNATE,N,The soup had a strange <MASK>.,"The <MASK> of the exotic spices lingered, rich and unfamiliar, awakening the senses with every sip.","Er musste die <MASK>-Taste drücken, um zu starten.",Mit einem leichten Druck auf die <MASK> entfaltet sich auf dem Computerbildschirm eine Welt digitaler Befehle.
256,teller,teller,FALSE COGNATE,N,He spoke to the <MASK> about his balance.,"At the bank, the <MASK> meticulously counted stacks of bills, ensuring no error in the large transaction.",Die <MASK> war voller Essen.,"Die <MASK>, kunstvoll arrangiert mit leuchtendem Grün, zarten Schnitten und delikaten Saucen, war eine Leinwand aus Farben und Texturen, die zu einem Fest für die Sinne einlud."
257,sole,sole,FALSE COGNATE,N,The <MASK> left a faint impression in the sand.,"The worn <MASK> of the shoe bore the marks of long journeys, each step imprinted on the rugged surface.",<MASK> brennt in den Augen.,"Der Geruch von <MASK>, scharf und belebend, klebte an ihrer Haut und erinnerte sie an den riesigen, ungezähmten Ozean dahinter."
258,auditorium,auditorium,FALSE COGNATE,N,The <MASK> was packed with people.,The grand <MASK> hummed with energy as anticipation grew among the sea of attendees.,Die <MASK> war still.,"Die prächtige <MASK> mit ihren Sitzreihen und der imposanten Tafel und dem Podium diente als Zufluchtsort des Wissens, in dem die Stimmen früherer Gelehrter in stiller Ehrfurcht verweilten."
259,beet,beet,FALSE COGNATE,N,She added <MASK> to the salad.,The vibrant <MASK> slices added a touch of earthy sweetness and color to the simple green salad.,Sie hat Samen in die <MASK> gepflanzt.,"Die <MASK>, reich an dunkler, feuchter Erde, wartete auf die zarten Triebe und Samen, die sie bald in einen Hauch von Grün und Farbe verwandeln würden."
260,blitz,blitz,FALSE COGNATE,N,He saw live updates about the <MASK> on TV.,"In the early hours of the conflict, the air force launched a <MASK>, overwhelming the defenses and causing significant casualties across the strategic target zones.",<MASK> erleuchtete den Himmel.,"Mitten in starkem Regen spaltete <MASK> den Nachthimmel mit heftiger Intensität und erleuchtete die Landschaft in einem plötzlichen, rauen Feuer, das so schnell verblasste, wie es aufgetaucht war."
261,genial,genial,FALSE COGNATE,ADJ,His <MASK> smile put everyone at ease.,"His <MASK> smile, warm and welcoming, was enough to break the ice in any tense situation.",Sie hatte eine <MASK>-Idee.,"Ihre Strategie war so <MASK>, dass sie mehrere Probleme mit einer einzigen, mühelosen Lösung löste."
262,plump,plump,FALSE COGNATE,ADJ,The cat was <MASK> and content.,"With its <MASK>, round belly and lazy purr, the cat exuded pure satisfaction.",Er war <MASK> mit seinen Worten.,Seine <MASK>-Formulierung verwirrte die Botschaft und ließ sein Publikum verwirrt und unsicher über seine Absichten zurück.
263,alert,alert,FALSE COGNATE,ADJ,She was <MASK> to any noise in the room.,"The guard remained <MASK>, his senses attuned to the slightest sound in the darkened corridor, ready to react instantly to any sign of danger.",Sie hatte eine <MASK>-Persönlichkeit.,"Ihre <MASK>-Energie erhellte den Raum, ihr Lachen war ansteckend und ihre Begeisterung grenzenlos."
264,blank,blank,FALSE COGNATE,ADJ,The page was left <MASK>.,"A stark, <MASK> page sat on the table, holding endless possibilities within its emptiness.",Das Auto war <MASK>.,"Der Lack des Autos glänzte im Sonnenlicht, seine Oberfläche war so <MASK>, dass sie alles um sich herum wie ein Spiegel reflektierte."
265,fast,fast,FALSE COGNATE,ADJ,The car is <MASK> on highways.,"The athlete's <MASK> movements blurred as he dashed through the final stretch, his speed defying expectation and leaving competitors trailing far behind.",Er <MASK> hat den Zug verpasst.,"Er hatte nur noch wenige Sekunden Zeit, um auf den Bahnsteig zu stürmen, wobei <MASK> den abfahrenden Zug verpasste, als dieser davonfuhr."
266,patent,patent,FALSE COGNATE,ADJ,The <MASK> protects the invention.,The inventor applied for a <MASK> to protect his groundbreaking new technology from being copied by competitors.,Es ist ein <MASK>-Werkzeug zum Kochen.,Das Mehrzweckwerkzeug erwies sich als <MASK> in der Küche und rationalisierte Aufgaben mit überraschender Effizienz und Leichtigkeit.
267,punctual,punktuell,FALSE COGNATE,ADJ,She is always <MASK> to meetings.,"Her <MASK> arrival was a habit of precision, embodying her respect for everyone's time.",Sie war sehr <MASK> in Bezug auf ihre Kleidung.,"Ihr Geschmack war so <MASK>, dass sie oft Stunden damit verbrachte, nach genau dem richtigen Outfit zu suchen, um sicherzustellen, dass jedes Teil ihren einzigartigen Stil widerspiegelte."
268,purple,purpur,FALSE COGNATE,ADJ,He wore a <MASK> jacket.,"The <MASK> jacket, rich and bold, was impossible to miss, standing out in any crowd.",Ihr Kleid war <MASK>.,Die tiefe <MASK> ihres Kleides schien mit Intensität zu pulsieren und zog mit ihrem leuchtenden Farbton alle Blicke im Raum auf sich.
269,routine,routiniert,FALSE COGNATE,ADJ,His days followed a <MASK>.,"Bound to a <MASK>, his days unfolded predictably, each hour a reflection of the last.",Er ist ein <MASK>-Fahrer.,"Jahrelanges Navigieren auf anspruchsvollen Straßen machte ihn zu einem <MASK>-Fahrer, der sich instinktiv an alle plötzlichen Veränderungen auf der Fahrt anpasste."
270,small,schmal,FALSE COGNATE,ADJ,They lived in a <MASK> apartment.,"Their <MASK> apartment, compact yet cozy, held a charm that belied its modest size.",Sie hatte einen <MASK>-Rahmen.,"Ihre Figur war so <MASK> und anmutig, dass sie zu gleiten schien, jede Bewegung war von subtiler Eleganz geprägt."
271,scurrilous,skurril,FALSE COGNATE,ADJ,The book contained <MASK> remarks.,"Filled with <MASK> language, the book dared to challenge convention, sparking shock among its readers.",Die Idee war <MASK>.,"Der Vorschlag war so <MASK>, dass er Gelächter auslöste, und seine Absurdität machte es unmöglich, ihn ernst zu nehmen."
272,stark,stark,FALSE COGNATE,ADJ,The landscape was <MASK> and desolate.,"Against the wide, <MASK> expanse of desert, the lone cactus stood as a quiet monument to resilience.",Er war sehr <MASK>.,"Er war so <MASK>, dass er schwere Gegenstände mit Leichtigkeit heben konnte, wobei seine körperliche Leistungsfähigkeit in jeder Aktion sichtbar war."
273,strong,streng,FALSE COGNATE,ADJ,He had a <MASK> personality.,"With a <MASK> and unwavering personality, he could turn heads and command a room with ease.",Der Lehrer war <MASK> mit verspäteten Abgaben.,"Ihre Maßstäbe waren streng und <MASK>, ließen keinen Raum für Ausreden und erwarteten von jedem nur die höchste Qualität."
274,comfortable,komfortabel,FALSE COGNATE,ADJ,The chair was very <MASK>.,"Sinking into the plush, <MASK> chair, he felt every muscle release into a state of relaxation.",Das Hotel war <MASK>.,"Jede Ecke der Suite war <MASK>, von den edlen Möbeln über die Marmorausstattung bis hin zum exquisiten Dekor."
275,unsympathetic,unsympathisch,FALSE COGNATE,ADJ,Her tone was <MASK>.,"She spoke with an <MASK> tone, showing little regard for the challenges others faced.",Der Charakter in der Geschichte war <MASK>.,"Seine Arroganz und sein kaltes Auftreten machten ihn völlig zur <MASK> und entfremdeten sogar diejenigen, die versuchten, mitzufühlen."
276,unserious,unseriös,FALSE COGNATE,ADJ,The joke was <MASK>.,"Delivered with an <MASK> grin, the joke cut through the tension, lightening the mood instantly.",Seine Handlungen waren <MASK>.,"Der skandalöse Charakter seiner Entscheidungen führte dazu, dass er weithin als <MASK> angesehen wurde, was seinen Ruf irreparabel schädigte."
277,unashamed,unverschämt,FALSE COGNATE,ADJ,She was <MASK> of her past.,"<MASK> of the path she’d traveled, she wore her history openly, a testament to her resilience.",Er antwortete mit <MASK> auf die Kritik.,"Seine Reaktion war so <MASK> und trotzig, dass sie den Kritiker sprachlos machte, eine spielerische, aber kühne Herausforderung an die Autorität."
278,virtuous,virtuos,FALSE COGNATE,ADJ,He was <MASK> and well-respected.,"His <MASK> nature shone through in every act, earning the admiration of all who knew him.",Ihr Auftritt war <MASK>.,"Jede Note, die sie spielte, jede Pause, die sie machte, war <MASK> und offenbarte jahrelanges, bis zur Perfektion verfeinertes Können."
279,simpering,zimperlich,FALSE COGNATE,ADJ,She gave a <MASK> smile.,"Her <MASK> smile, forced and sugary-sweet, betrayed a hint of insincerity beneath the surface.",Es geht ihm <MASK> um Kritik.,"Selbst die mildeste Kritik würde ihn verärgern, da seine <MASK>-Natur es nahezu unmöglich macht, über Verbesserungen zu sprechen."
280,famous,famos,FALSE COGNATE,ADJ,The artist became <MASK> to the world after that exhibition.,"Renowned for her brilliant works, she became a <MASK> figure, celebrated across cultures and continents.",Das Konzert war <MASK>.,"Die Energie des Konzerts war <MASK>, und jedes Lied steigerte sich zu einer Spannung, die das Publikum in Ekstase versetzte."