ID,en,fr,type,lexical_category,low_en,high_en,low_fr,high_fr
1,fruit,fruit,COGNATE,N,I ate a piece of <MASK> for breakfast.,The tropical <MASK> selection at the market included exotic varieties like rambutan.,J'ai mangé un morceau de <MASK> au petit-déjeuner.,La sélection tropicale <MASK> sur le marché comprenait des variétés exotiques comme le ramboutan.
2,ocean,océan,COGNATE,N,The <MASK> was calm today.,The marine biologists sailed deep into the <MASK> to study the migration patterns of humpback whales.,Le <MASK> était calme aujourd’hui.,Les biologistes marins ont navigué profondément dans le <MASK> pour étudier les schémas de migration des baleines à bosse.
3,telephone,téléphone,COGNATE,N,She called me on the <MASK>.,"The <MASK> rang, and the news on the other end changed the course of his life forever.",Elle m'a appelé sur le <MASK>.,Le <MASK> sonna et la nouvelle à l'autre bout du fil changea à jamais le cours de sa vie.
4,machine,machine,COGNATE,N,The <MASK> was making a strange noise.,"The new automated <MASK> revolutionized the factory’s production process, increasing output by 50%.",Le <MASK> faisait un bruit étrange.,"Le nouveau <MASK> automatisé a révolutionné le processus de production de l’usine, augmentant la production de 50 %."
5,intelligence,intelligence,COGNATE,N,She has great <MASK> and learns quickly.,"Artificial <MASK> has advanced rapidly, transforming industries by analyzing vast amounts of data in real time.",Elle a un super <MASK> et apprend vite.,"Le <MASK> artificiel a progressé rapidement, transformant les industries en analysant de grandes quantités de données en temps réel."
6,adventure,aventure,COGNATE,N,The <MASK> was full of surprises.,"Their <MASK> through the Amazon rainforest was both thrilling and dangerous, testing their survival skills to the limit.",Le <MASK> était plein de surprises.,"Leur <MASK> à travers la forêt amazonienne était à la fois passionnant et dangereux, mettant à l'épreuve leurs capacités de survie."
7,appetite,appétit,COGNATE,N,His <MASK> grew as he looked at the food.,"The strenuous hike increased everyone’s <MASK>, and they devoured their meal by the campfire.",Son <MASK> grandissait à mesure qu'il regardait la nourriture.,"La randonnée épuisante a augmenté le <MASK> de chacun, et ils ont dévoré leur repas près du feu de camp."
8,banana,banane,COGNATE,N,I ate a <MASK> for lunch.,"The ripe <MASK> fell from the tree, a common sight in the lush tropical plantation.",J'ai mangé un <MASK> pour le déjeuner.,"Le <MASK> mûr est tombé de l'arbre, un spectacle courant dans la plantation tropicale luxuriante."
9,camera,caméra,COGNATE,N,She bought a new <MASK> for the trip.,The professional photographer’s <MASK> captured breathtaking images of the aurora borealis in the Arctic sky.,Elle a acheté un nouveau <MASK> pour le voyage.,Le <MASK> du photographe professionnel a capturé des images à couper le souffle des aurores boréales dans le ciel arctique.
10,electricity,électricité,COGNATE,N,"<MASK> buzzed through the wires, filling the air with a quiet hum.",Harnessing <MASK> from renewable sources has become a critical goal in the fight against climate change.,"<MASK> bourdonnait à travers les fils, remplissant l'air d'un bourdonnement silencieux.",Exploiter <MASK> à partir de sources renouvelables est devenu un objectif essentiel dans la lutte contre le changement climatique.
11,elephant,éléphant,COGNATE,N,The <MASK> was eating leaves from the tree.,"The majestic <MASK> roamed the savanna, its massive tusks a symbol of power and grace in the animal kingdom.",Le <MASK> mangeait les feuilles de l'arbre.,"Le majestueux <MASK> parcourait la savane, ses défenses massives étant un symbole de puissance et de grâce dans le règne animal."
12,energy,énergie,COGNATE,N,He felt a surge of <MASK> after his workout.,"Solar panels convert sunlight into <MASK>, providing a sustainable source of power for homes and businesses.",Il a ressenti une poussée de <MASK> après son entraînement.,"Les panneaux solaires convertissent la lumière du soleil en <MASK>, fournissant ainsi une source d'énergie durable pour les maisons et les entreprises."
13,garden,jardin,COGNATE,N,The <MASK> was filled with flowers.,"Her meticulously tended <MASK> was a serene retreat, bursting with colorful blooms and fragrant herbs.",Le <MASK> était rempli de fleurs.,"Son <MASK> méticuleusement entretenu était une retraite sereine, regorgeant de fleurs colorées et d'herbes parfumées."
14,hospital,hôpital,COGNATE,N,The <MASK> stood quiet under the soft glow of evening lights.,"The <MASK> was renowned for its cutting-edge research in cardiology, attracting patients from across the globe.",Le <MASK> restait silencieux sous la douce lueur des lumières du soir.,"Le <MASK> était réputé pour ses recherches de pointe en cardiologie, attirant des patients du monde entier."
15,hotel,hôtel,COGNATE,N,We stayed at a nice <MASK> during our vacation.,"The <MASK> lobby was an elegant blend of modern design and classic architecture, offering luxurious accommodations for its guests.",Nous avons séjourné dans un joli <MASK> pendant nos vacances.,"Le hall <MASK> était un mélange élégant de design moderne et d'architecture classique, offrant un hébergement luxueux à ses invités."
16,helicopter,hélicoptère,COGNATE,N,The <MASK> flew over the city.,"The <MASK> airlifted supplies to the remote mountain village, cut off by heavy snowfall.",Le <MASK> a survolé la ville.,"Le <MASK> a transporté des fournitures par avion vers le village de montagne isolé, isolé par de fortes chutes de neige."
17,idea,idée,COGNATE,N,She had a brilliant <MASK> for the project.,The <MASK> of creating a biodegradable packaging material revolutionized the company’s approach to sustainability.,Elle avait un brillant <MASK> pour le projet.,Le <MASK> consistant à créer un matériau d’emballage biodégradable a révolutionné l’approche de l’entreprise en matière de durabilité.
18,independence,indépendance,COGNATE,N,They fought for <MASK> from colonial rule.,"The nation’s <MASK> day is celebrated with parades, speeches, and fireworks, marking the end of colonial domination.",Ils se sont battus pour <MASK> contre le régime colonial.,"La journée nationale <MASK> est célébrée avec des défilés, des discours et des feux d’artifice, marquant la fin de la domination coloniale."
19,lesson,leçon,COGNATE,N,The <MASK> was easy to understand.,The professor’s <MASK> on quantum mechanics challenged the students to think beyond classical physics.,Le <MASK> était facile à comprendre.,Le <MASK> du professeur sur la mécanique quantique a incité les étudiants à penser au-delà de la physique classique.
20,lemon,limon,COGNATE,N,The tea had a hint of <MASK>.,"The fresh <MASK>zest added a bright, citrusy flavor to the dish, enhancing its overall appeal.",Le thé avait un soupçon de <MASK>.,"Le zeste frais de <MASK> a ajouté une saveur vive d'agrumes au plat, renforçant son attrait général."
21,palace,palais,COGNATE,N,The king lived in a grand <MASK>.,"The <MASK> was a sprawling complex, adorned with marble columns and intricate mosaics, symbolizing the empire's wealth and power.",Le roi vivait dans un grand <MASK>.,"Le <MASK> était un complexe tentaculaire, orné de colonnes de marbre et de mosaïques complexes, symbolisant la richesse et la puissance de l'empire."
22,paper,papier,COGNATE,N,"Under the light, faint textures of the <MASK> seemed to come alive.",The research <MASK> on climate change received widespread recognition for its groundbreaking analysis of global weather patterns.,"Sous la lumière, les textures faibles du <MASK> semblaient prendre vie.",La recherche <MASK> sur le changement climatique a été largement reconnue pour son analyse révolutionnaire des modèles météorologiques mondiaux.
23,remedy,remède,COGNATE,N,The <MASK> helped relieve his symptoms.,The herbal <MASK> had been passed down through generations as a natural cure for various ailments.,Le <MASK> a aidé à soulager ses symptômes.,Le <MASK> à base de plantes avait été transmis de génération en génération comme remède naturel contre diverses maladies.
24,stomach,estomac,COGNATE,N,The slight tension in his <MASK> hinted at a nervous anticipation.,The sharp pang in her <MASK> reminded her she hadn’t eaten since dawn.,La légère tension dans son <MASK> faisait allusion à une anticipation nerveuse.,La vive douleur dans son <MASK> lui rappela qu'elle n'avait pas mangé depuis l'aube.
25,salary,salaire,COGNATE,N,She received a higher <MASK> after her promotion.,"The CEO’s <MASK> was a subject of public debate, as many argued it was disproportionately high compared to the workers' wages.",Elle a reçu un <MASK> plus élevé après sa promotion.,"Le <MASK> du PDG a fait l’objet d’un débat public, car beaucoup ont affirmé qu’il était disproportionné par rapport aux salaires des travailleurs."
26,trumpet,trompette,COGNATE,N,He played the <MASK> in the school band.,"The <MASK> solo in the symphony brought the audience to its feet, showcasing the musician’s incredible talent.",Il jouait du <MASK> dans l'orchestre de l'école.,"Le solo <MASK> de la symphonie a mis le public debout, mettant en valeur l’incroyable talent du musicien."
27,television,télévision,COGNATE,N,"The <MASK> flickered in the dark room, casting shifting shadows on the walls.","The live <MASK> broadcast of the presidential debate drew millions of viewers, influencing public opinion.","Le <MASK> vacillait dans la pièce sombre, projetant des ombres changeantes sur les murs.","La diffusion en direct <MASK> du débat présidentiel a attiré des millions de téléspectateurs, influençant l'opinion publique."
28,tomato,tomate,COGNATE,N,He added a slice of <MASK> to his sandwich.,"The garden-fresh <MASK>, picked at the peak of ripeness, added a burst of flavor to the salad.",Il a ajouté une tranche de <MASK> à son sandwich.,"Le <MASK> frais du jardin, cueilli au sommet de sa maturité, a ajouté une explosion de saveur à la salade."
29,accident,accident,COGNATE,N,The car <MASK> was reported on the news.,"The <MASK> at the construction site caused a significant delay in the project, prompting an investigation into safety protocols.",La voiture <MASK> a été rapportée aux informations.,"Le <MASK> sur le chantier de construction a provoqué un retard important dans le projet, ce qui a donné lieu à une enquête sur les protocoles de sécurité."
30,activity,activité,COGNATE,N,The event was filled with fun <MASK>.,"The children’s <MASK> book was packed with puzzles, coloring pages, and educational games.",L’événement a été rempli de plaisir <MASK>.,"Le livre pour enfants <MASK> regorgeait d’énigmes, de pages à colorier et de jeux éducatifs."
31,lamp,lampe,COGNATE,N,She turned on the <MASK> to read.,"The antique <MASK> cast a warm, golden glow over the room, adding a touch of elegance to the decor.",Elle a allumé le <MASK> pour lire.,"L'antique <MASK> projette une lueur chaleureuse et dorée sur la pièce, ajoutant une touche d'élégance au décor."
32,biography,biographie,COGNATE,N,He enjoyed reading the <MASK> of his favorite author.,The <MASK> of the renowned scientist detailed her groundbreaking discoveries and the challenges she faced in a male-dominated field.,Il aimait lire le <MASK> de son auteur préféré.,Le <MASK> de la scientifique de renom a détaillé ses découvertes révolutionnaires et les défis auxquels elle a été confrontée dans un domaine dominé par les hommes.
33,history,histoire,COGNATE,N,She loved learning about <MASK> in school.,"The <MASK> of the Roman Empire is a tale of conquest, politics, and cultural influence that shaped much of the modern world.",Elle adorait en apprendre davantage sur <MASK> à l'école.,"Le <MASK> de l'Empire romain est une histoire de conquête, de politique et d'influence culturelle qui a façonné une grande partie du monde moderne."
34,cafeteria,cafétéria,COGNATE,N,They ate lunch at the school <MASK>.,"The <MASK> served a variety of nutritious meals, catering to students with different dietary needs.",Ils ont déjeuné à l'école <MASK>.,"Le <MASK> servait une variété de repas nutritifs, répondant aux besoins alimentaires différents des étudiants."
35,cement,ciment,COGNATE,N,"The <MASK> felt cool and solid beneath her feet, grounding her in place.",The <MASK> mixer churned steadily as the construction crew laid the groundwork for the new skyscraper.,"Le <MASK> était frais et solide sous ses pieds, la maintenant en place.",Le mixeur <MASK> tournait régulièrement pendant que l'équipe de construction préparait le terrain pour le nouveau gratte-ciel.
36,colour,couleur,COGNATE,N,"Every surface seemed to hold a trace of <MASK>, quiet but vivid.",The vibrant <MASK> palette in the artist’s painting evoked the warmth and energy of a Mediterranean sunset.,"Chaque surface semblait contenir une trace de <MASK>, calme mais vive.",La palette vibrante <MASK> de la peinture de l’artiste évoque la chaleur et l’énergie d’un coucher de soleil méditerranéen.
37,company,compagnie,COGNATE,N,She works for a large <MASK>.,"The multinational <MASK> expanded its operations to several continents, becoming a leader in the tech industry.",Elle travaille pour un grand <MASK>.,"La multinationale <MASK> a étendu ses opérations sur plusieurs continents, devenant ainsi un leader de l'industrie technologique."
38,committee,comité,COGNATE,N,The <MASK> made the final decision.,The ethics <MASK> reviewed the controversial research project to ensure it met all legal and moral standards.,Le <MASK> a pris la décision finale.,L'éthique <MASK> a examiné le projet de recherche controversé pour s'assurer qu'il répondait à toutes les normes juridiques et morales.
39,diamond,diamant,COGNATE,N,She wore a sparkling <MASK> on her finger.,"The flawless <MASK> was the centerpiece of a lavish engagement ring, symbolizing eternal love and commitment.",Elle portait un <MASK> étincelant à son doigt.,"Le <MASK> impeccable était la pièce maîtresse d’une somptueuse bague de fiançailles, symbolisant l’amour et l’engagement éternels."
40,dictionary,dictionnaire,COGNATE,N,He looked up the word in the <MASK>.,"The comprehensive <MASK> included etymologies, usage notes, and pronunciation guides for thousands of words.",Il chercha le mot dans le <MASK>.,"Le <MASK> complet comprenait des étymologies, des notes d'utilisation et des guides de prononciation pour des milliers de mots."
41,family,famille,COGNATE,N,The <MASK> gathered for a reunion.,"Her <MASK> history traced back to the early settlers, documenting generations of triumphs and challenges.",Le <MASK> s'est réuni pour une réunion.,"Son histoire <MASK> remonte aux premiers colons, documentant des générations de triomphes et de défis."
42,flower,fleur,COGNATE,N,The <MASK> bent in the wind.,"The rare <MASK> species, known for its vibrant colors and intoxicating fragrance, attracted botanists from around the world.",Le <MASK> s'est plié sous le vent.,"L'espèce rare <MASK>, connue pour ses couleurs vibrantes et son parfum enivrant, a attiré les botanistes du monde entier."
43,forest,forêt,COGNATE,N,They went for a hike in the <MASK>.,"The dense <MASK> was home to a variety of wildlife, from elusive lynxes to towering centuries-old trees.",Ils sont allés faire une randonnée dans le <MASK>.,"Le dense <MASK> abritait une faune sauvage variée, allant des lynx insaisissables aux arbres centenaires imposants."
44,music,musique,COGNATE,N,"<MASK> drifted through the open window, filling the room with warmth.","The classical <MASK> filled the concert hall, transporting the audience to a different time and place.","<MASK> dérivait à travers la fenêtre ouverte, remplissant la pièce de chaleur.","Le classique <MASK> a rempli la salle de concert, transportant le public dans un moment et un lieu différents."
45,manner,manière,COGNATE,N,He had a friendly <MASK> with everyone.,The diplomat’s courteous <MASK> helped defuse tensions during the high-stakes negotiation.,Il a eu un <MASK> amical avec tout le monde.,Le courtois <MASK> du diplomate a contribué à désamorcer les tensions lors de négociations aux enjeux élevés.
46,magic,magique,COGNATE,N,He believed in the power of <MASK>.,"The magician’s sleight of hand made the audience believe in <MASK>, as objects seemed to vanish into thin air.",Il croyait au pouvoir de <MASK>.,"Le tour de passe-passe du magicien a fait croire au public au <MASK>, alors que les objets semblaient disparaître dans les airs."
47,necessity,nécessité,COGNATE,N,Clean water is a basic <MASK> of life.,The scarcity of clean water in the region highlighted the critical <MASK> for sustainable resource management.,L’eau propre est un <MASK> de base de la vie.,La rareté de l’eau potable dans la région a mis en évidence le <MASK> essentiel pour la gestion durable des ressources.
48,optimism,optimisme,COGNATE,N,She approached life with <MASK>.,Her unwavering <MASK> in the face of adversity inspired those around her to remain hopeful and resilient.,Elle a abordé la vie avec <MASK>.,Son <MASK> inébranlable face à l’adversité a inspiré son entourage à garder espoir et résilience.
49,combination,combinaison,COGNATE,N,The recipe required a <MASK> of spices.,The <MASK> of cutting-edge technology and innovative design made the new smartphone a market leader.,La recette nécessitait un <MASK> d'épices.,Le <MASK> de technologie de pointe et de design innovant a fait du nouveau smartphone un leader du marché.
50,accident,accident,COGNATE,N,The <MASK> caused a traffic jam.,The tragic <MASK> at the amusement park led to stricter safety regulations being implemented nationwide.,Le <MASK> a provoqué un embouteillage.,Le tragique <MASK> au parc d'attractions a conduit à la mise en œuvre de règles de sécurité plus strictes dans tout le pays.
51,object,objet,COGNATE,N,He pointed at the <MASK> on the table.,"The mysterious <MASK>, discovered at the archaeological site, sparked debates among historians about its purpose.",Il montra le <MASK> sur la table.,"Le mystérieux <MASK>, découvert sur le site archéologique, a suscité des débats parmi les historiens sur son objectif."
52,enemy,ennemi,COGNATE,N,He saw his <MASK> across the battlefield.,The spy's cunning plan ensured that his <MASK> never uncovered the secret intelligence.,Il a vu son <MASK> à travers le champ de bataille.,Le plan astucieux de l'espion garantissait que son <MASK> ne découvrirait jamais les renseignements secrets.
53,image,image,COGNATE,N,The <MASK> was blurry and hard to see.,The satellite <MASK> revealed the devastating impact of deforestation in the Amazon rainforest.,Le <MASK> était flou et difficile à voir.,Le satellite <MASK> a révélé l'impact dévastateur de la déforestation dans la forêt amazonienne.
54,temperature,température,COGNATE,N,The <MASK> was high today.,The rising global <MASK> has become a critical issue in the debate over climate change.,Le <MASK> était élevé aujourd’hui.,La montée du <MASK> à l’échelle mondiale est devenue une question cruciale dans le débat sur le changement climatique.
55,poem,poème,COGNATE,N,She wrote a beautiful <MASK> for her friend.,"His <MASK> captured the melancholy of a lost love, resonating with readers across generations.",Elle a écrit un magnifique <MASK> pour son amie.,"Son <MASK> a capturé la mélancolie d'un amour perdu, résonnant auprès des lecteurs à travers les générations."
56,region,région,COGNATE,N,The <MASK> was known for its wine production.,"The drought-stricken <MASK> faced severe agricultural losses, impacting the livelihoods of thousands of farmers.",Le <MASK> était connu pour sa production de vin.,"Le <MASK>, frappé par la sécheresse, a subi de graves pertes agricoles, affectant les moyens de subsistance de milliers d'agriculteurs."
57,ingredient,ingrédient,COGNATE,N,The dish required a secret <MASK>.,The chef’s signature dish featured a unique <MASK> that gave it an unforgettable flavor.,Le plat nécessitait un <MASK> secret.,Le plat signature du chef comportait un <MASK> unique qui lui donnait une saveur inoubliable.
58,theatre,théâtre,COGNATE,N,We went to the <MASK> in the evening.,The <MASK> performance of Shakespeare’s Hamlet captivated the audience with its intense emotion and intricate staging.,Nous sommes allés au <MASK> le soir.,La représentation <MASK> de Hamlet de Shakespeare a captivé le public par son émotion intense et sa mise en scène complexe.
59,salad,salade,COGNATE,N,She ordered a <MASK> for lunch.,"The fresh <MASK>, topped with goat cheese, candied pecans, and a balsamic reduction, was the highlight of the gourmet meal.",Elle a commandé un <MASK> pour le déjeuner.,"Le <MASK> frais, garni de fromage de chèvre, de pacanes confites et d'une réduction balsamique, était le point culminant du repas gastronomique."
60,park,parc,COGNATE,N,They took a walk in the <MASK>.,"The sprawling <MASK> in the city center featured expansive green lawns, tranquil lakes, and vibrant flower gardens.",Ils se promenèrent dans le <MASK>.,"Le vaste <MASK> du centre-ville présentait de vastes pelouses vertes, des lacs tranquilles et des jardins fleuris vibrants."
61,situation,situation,COGNATE,N,The <MASK> was difficult to handle.,"The diplomatic <MASK> between the two countries escalated, requiring urgent intervention to avoid conflict.",Le <MASK> était difficile à gérer.,"Le <MASK> diplomatique entre les deux pays s’est intensifié, nécessitant une intervention urgente pour éviter un conflit."
62,rose,rose,COGNATE,N,She received a <MASK> on Valentine’s Day.,"The delicate <MASK> bloomed in the garden, its soft petals a vibrant red, symbolizing love and passion.",Elle a reçu un <MASK> le jour de la Saint-Valentin.,"Le délicat <MASK> a fleuri dans le jardin, ses doux pétales d'un rouge vif, symbolisant l'amour et la passion."
63,cereal,céréale,COGNATE,N,He had a bowl of <MASK> for breakfast.,"The child’s favorite <MASK> was fortified with vitamins and minerals, providing a nutritious start to the day.",Il avait un bol de <MASK> pour le petit-déjeuner.,"Le <MASK> préféré de l’enfant était enrichi de vitamines et de minéraux, offrant un début de journée nutritif."
64,person,personne,COGNATE,N,The <MASK> next to me was reading a book.,The <MASK> chosen to lead the humanitarian mission had decades of experience in crisis management and disaster relief.,Le <MASK> à côté de moi lisait un livre.,Le <MASK> choisi pour diriger la mission humanitaire avait des décennies d’expérience dans la gestion de crise et les secours en cas de catastrophe.
65,cyclist,cycliste,COGNATE,N,The <MASK> rode down the street.,The professional <MASK> trained rigorously for months in preparation for the grueling Tour de France.,Le <MASK> descendit la rue.,Le professionnel <MASK> s'est entraîné rigoureusement pendant des mois en vue de l'épuisant Tour de France.
66,anniversary,anniversaire,COGNATE,N,They celebrated their <MASK> at a nice restaurant.,"Their 50th wedding <MASK> was a grand affair, bringing together family and friends from around the world to celebrate their enduring love.",Ils ont célébré leur <MASK> dans un bon restaurant.,"Leur 50ème mariage <MASK> était une grande affaire, réunissant famille et amis du monde entier pour célébrer leur amour durable."
67,abundance,abondance,COGNATE,N,There was an <MASK> of food at the party.,"The region’s <MASK> of natural resources has attracted foreign investors, transforming it into an economic powerhouse.",Il y avait un <MASK> de nourriture à la fête.,"Le <MASK> de ressources naturelles de la région a attiré les investisseurs étrangers, la transformant en une puissance économique."
68,arrogance,arrogance,COGNATE,N,His <MASK> made him difficult to work with.,"The CEO’s <MASK> alienated his colleagues, leading to a toxic work environment and high turnover rates.",Son <MASK> le rendait difficile à travailler.,"Le <MASK> du PDG a aliéné ses collègues, conduisant à un environnement de travail toxique et à des taux de roulement élevés."
69,captain,capitaine,COGNATE,N,The <MASK> gave orders to the crew.,"The <MASK> skillfully navigated the ship through treacherous waters, ensuring the safety of all aboard during the storm.",Le <MASK> donnait des ordres à l'équipage.,"Le <MASK> a habilement dirigé le navire dans des eaux dangereuses, assurant la sécurité de tous à bord pendant la tempête."
70,ceremony,cérémonie,COGNATE,N,The <MASK> began as the first light touched the horizon.,"The military <MASK> honored fallen soldiers with precision and solemnity, a tribute to their sacrifice for the nation.",Le <MASK> a commencé lorsque la première lumière a touché l'horizon.,"L'armée <MASK> a honoré les soldats tombés au combat avec précision et solennité, un hommage à leur sacrifice pour la nation."
71,acrobatic,acrobatique,COGNATE,ADJ,The <MASK> performance was impressive.,The <MASK> routine involved a series of intricate flips and spins that defied the laws of gravity.,La performance de <MASK> était impressionnante.,La routine <MASK> impliquait une série de retournements et de pirouettes complexes qui défiaient les lois de la gravité.
72,active,active,COGNATE,ADJ,He is an <MASK> person who exercises daily.,"Her <MASK>role in the community has made a significant impact, particularly in environmental advocacy.",C'est une personne <MASK> qui fait de l'exercice quotidiennement.,"Son rôle <MASK> dans la communauté a eu un impact significatif, notamment en matière de défense de l'environnement."
73,ambitious,ambitieux,COGNATE,ADJ,She is an <MASK> student with big dreams.,His <MASK> plan to scale Mount Everest required years of preparation and rigorous training.,C'est une étudiante de <MASK> avec de grands rêves.,Son plan <MASK> pour escalader le mont Everest a nécessité des années de préparation et un entraînement rigoureux.
74,allergic,allergique,COGNATE,ADJ,She’s <MASK> to pollen.,His <MASK> reaction to peanuts was so severe that he carried an epinephrine injector at all times.,Elle est <MASK> au pollen.,Sa réaction <MASK> aux cacahuètes était si grave qu'il portait toujours un injecteur d'épinéphrine sur lui.
75,brutal,brutal,COGNATE,ADJ,The movie had some <MASK> fight scenes.,The <MASK> conditions of the war left many soldiers physically and mentally scarred for life.,Le film comportait quelques scènes de combat <MASK>.,"Les conditions de guerre <MASK> ont laissé de nombreux soldats marqués à vie, physiquement et mentalement."
76,ceramic,céramique,COGNATE,ADJ,The <MASK> bowl broke when it fell.,"The handcrafted <MASK> vase was an exquisite piece of art, showcasing the artist’s skill and attention to detail.",Le bol <MASK> s'est cassé en tombant.,"Le vase <MASK> fabriqué à la main était une œuvre d’art exquise, mettant en valeur le talent et l’attention portée aux détails de l’artiste."
77,circular,circulaire,COGNATE,ADJ,The building had a <MASK> design.,The ancient <MASK> stone structure at Stonehenge remains one of the world’s most enigmatic archaeological sites.,Le bâtiment avait une conception <MASK>.,L’ancienne structure en pierre <MASK> de Stonehenge reste l’un des sites archéologiques les plus énigmatiques au monde.
78,contagious,contagieux,COGNATE,ADJ,"Her enthusiasm was <MASK>, sparking excitement in others.",The flu outbreak became a public health concern due to its highly <MASK> nature.,"Son enthousiasme était <MASK>, suscitant l'enthousiasme des autres.",L'épidémie de grippe est devenue un problème de santé publique en raison de sa nature hautement <MASK>.
79,delicate,délicat,COGNATE,ADJ,The <MASK> flower petals blew away in the wind.,The <MASK> glass sculpture required meticulous care during transport to prevent even the slightest crack.,Les pétales de fleurs <MASK> ont été emportés par le vent.,La sculpture en verre <MASK> a nécessité un soin méticuleux pendant le transport pour éviter la moindre fissure.
80,delicious,délicieux,COGNATE,ADJ,"<MASK> treats lined the table, tempting everyone who passed by.","The <MASK> aroma of freshly baked bread filled the room, tempting everyone to take a slice.","Des friandises <MASK> bordaient la table, tentant tous les passants.","L'arôme <MASK> du pain fraîchement sorti du four remplissait la pièce, incitant tout le monde à en prendre une tranche."
81,enormous,énorme,COGNATE,ADJ,The house had an <MASK> backyard.,"The <MASK> mountain loomed in the distance, its peak towering above the clouds.",La maison avait une cour arrière <MASK>.,"La montagne <MASK> se profilait au loin, son sommet dominant les nuages."
82,exotic,exotique,COGNATE,ADJ,She tried an <MASK> dish at the new restaurant.,The <MASK> wildlife in the rainforest included vibrant birds and rare reptiles found nowhere else on Earth.,Elle a essayé un plat <MASK> dans le nouveau restaurant.,La faune <MASK> de la forêt tropicale comprenait des oiseaux vibrants et des reptiles rares que l'on ne trouve nulle part ailleurs sur Terre.
83,extraordinary,extraordinaire,COGNATE,ADJ,The magician performed an <MASK> trick.,"The museum’s collection includes an <MASK> array of rare artifacts from ancient civilizations, many of which have never been displayed before.",Le magicien a exécuté un tour <MASK>.,"La collection du musée comprend une gamme <MASK> d’objets rares provenant de civilisations anciennes, dont beaucoup n’ont jamais été exposés auparavant."
84,ferocious,féroce,COGNATE,ADJ,The tiger is a <MASK> predator.,The battle between the two nations was marked by <MASK> fighting that left cities in ruins and countless lives lost.,Le tigre est un prédateur <MASK>.,La bataille entre les deux nations a été marquée par des combats <MASK> qui ont laissé des villes en ruines et d'innombrables vies perdues.
85,fragile,fragile,COGNATE,ADJ,The <MASK> wings of the butterfly shimmered in the breeze.,"Despite their beauty, the <MASK> glass sculptures required careful handling to avoid damage during the exhibition.",Les ailes <MASK> du papillon scintillaient dans la brise.,"Malgré leur beauté, les sculptures en verre <MASK> ont nécessité une manipulation prudente pour éviter tout dommage pendant l'exposition."
86,generous,généreux,COGNATE,ADJ,He’s <MASK> with his time and money.,The billionaire’s <MASK> donation funded the construction of an entire wing in the hospital.,Il est <MASK> avec son temps et son argent.,Le don <MASK> du milliardaire a financé la construction d’une aile entière de l’hôpital.
87,impossible,impossible,COGNATE,ADJ,It’s <MASK> to finish the project today.,"The scientist’s discovery seemed <MASK> at first, but it revolutionized our understanding of genetics.",C'est <MASK> pour terminer le projet aujourd'hui.,"La découverte du scientifique semblait au premier abord <MASK>, mais elle a révolutionné notre compréhension de la génétique."
88,interesting,intéressant,COGNATE,ADJ,The movie was quite <MASK>.,The professor’s lecture on quantum physics was so <MASK> that even the most distracted students were fully engaged.,Le film était plutôt <MASK>.,Le cours du professeur sur la physique quantique était tellement <MASK> que même les étudiants les plus distraits étaient pleinement engagés.
89,juvenile,juvénile,COGNATE,ADJ,The behavior was quite <MASK>.,The <MASK> delinquent was sentenced to community service as part of a rehabilitation program.,Le comportement était tout à fait <MASK>.,Le délinquant <MASK> a été condamné à des travaux d'intérêt général dans le cadre d'un programme de réhabilitation.
90,magnificent,magnifique,COGNATE,ADJ,The view from the mountain was <MASK>.,"The ancient palace, with its <MASK> marble columns and expansive courtyards, remains a symbol of the empire’s former glory.",La vue depuis la montagne était <MASK>.,"L’ancien palais, avec ses colonnes de marbre <MASK> et ses vastes cours, reste un symbole de l’ancienne gloire de l’empire."
91,nervous,nerveux,COGNATE,ADJ,She felt <MASK> before her speech.,"As the final seconds ticked away, the <MASK> spectators anxiously awaited the outcome of the high-stakes basketball game.",Elle a ressenti <MASK> avant son discours.,"Alors que les dernières secondes s'écoulaient, les spectateurs de <MASK> attendaient avec impatience le résultat de ce match de basket à enjeux élevés."
92,ordinary,ordinaire,COGNATE,ADJ,The house looked <MASK> from the outside.,What began as an <MASK> walk in the park turned into an unexpected adventure when they stumbled upon a hidden cave.,La maison avait l'air <MASK> de l'extérieur.,Ce qui a commencé comme une promenade <MASK> dans le parc s'est transformé en une aventure inattendue lorsqu'ils sont tombés sur une grotte cachée.
93,rich,riche,COGNATE,ADJ,They live in a <MASK> neighborhood.,"The cuisine of the region is renowned for its <MASK> flavors, combining spices and ingredients that reflect the area’s diverse cultural influences.",Ils vivent dans un quartier <MASK>.,"La cuisine de la région est réputée pour ses saveurs <MASK>, combinant des épices et des ingrédients qui reflètent les diverses influences culturelles de la région."
94,special,spécial,COGNATE,ADJ,He prepared a <MASK> meal for her birthday.,"The chef created a <MASK> menu for the evening, featuring dishes that celebrated seasonal ingredients from local farms.",Il a préparé un repas <MASK> pour son anniversaire.,"Le chef a créé un menu <MASK> pour la soirée, composé de plats célébrant les ingrédients de saison des fermes locales."
95,terrible,terrible,COGNATE,ADJ,The weather was <MASK> today.,"The aftermath of the hurricane revealed the <MASK> devastation caused to the coastal towns, with homes destroyed and lives displaced.",Le temps était <MASK> aujourd'hui.,"Les conséquences de l'ouragan ont révélé la dévastation causée par <MASK> aux villes côtières, avec des maisons détruites et des vies déplacées."
96,venomous,venimeux,COGNATE,ADJ,The snake was <MASK>.,"The <MASK> cobra, with its hood flared, posed a lethal threat to anyone who ventured too close.",Le serpent était <MASK>.,"Le cobra <MASK>, avec sa capuche évasée, représentait une menace mortelle pour quiconque s'aventurait trop près."
97,arbitrary,arbitraire,COGNATE,ADJ,His decision seemed <MASK>.,"The decision to cancel the event seemed <MASK>, especially since there were no clear reasons given for the change.",Sa décision semblait <MASK>.,"La décision d'annuler l'événement a semblé <MASK>, d'autant plus qu'aucune raison claire n'a été donnée pour ce changement."
98,curious,curieux,COGNATE,ADJ,She was <MASK> about the new museum exhibit.,The scientist’s <MASK> approach to problem-solving led to unexpected discoveries that revolutionized the field of genetics.,Elle était <MASK> à propos de la nouvelle exposition du musée.,L’approche <MASK> du scientifique en matière de résolution de problèmes a conduit à des découvertes inattendues qui ont révolutionné le domaine de la génétique.
99,different,différent,COGNATE,ADJ,The design was <MASK> from what I expected.,"Her approach to solving the problem was <MASK> from the traditional method, offering a fresh perspective.",Le design était <MASK> par rapport à ce à quoi je m'attendais.,"Son approche pour résoudre le problème était <MASK> de la méthode traditionnelle, offrant une nouvelle perspective."
100,gracious,gracieux,COGNATE,ADJ,She was very <MASK> to her guests.,The queen’s <MASK> demeanor during the state visit won the hearts of the people and solidified diplomatic relations between the nations.,Elle était très <MASK> envers ses invités.,L’attitude de la reine <MASK> lors de la visite d’État a conquis le cœur du peuple et solidifié les relations diplomatiques entre les nations.
101,glorious,glorieux,COGNATE,ADJ,The sunset was absolutely <MASK>.,"The army’s <MASK> triumph in battle was immortalized in the nation’s history books, celebrated for generations to come.",Le coucher de soleil était absolument <MASK>.,"Le triomphe de l’armée <MASK> au combat a été immortalisé dans les livres d’histoire du pays, célébrés pour les générations à venir."
102,incurable,incurable,COGNATE,ADJ,His disease was <MASK>.,"Doctors have been tirelessly searching for a cure, but the disease remains <MASK>, affecting millions worldwide.",Sa maladie était <MASK>.,"Les médecins recherchent sans relâche un remède, mais la maladie reste <MASK>, touchant des millions de personnes dans le monde."
103,invisible,invisible,COGNATE,ADJ,The superhero could become <MASK> at will.,"The <MASK> barrier between the two countries is not marked by fences, but by decades of mistrust and political tension.",Le super-héros pourrait devenir <MASK> à volonté.,"La barrière <MASK> entre les deux pays n’est pas marquée par des barrières, mais par des décennies de méfiance et de tensions politiques."
104,magnetic,magnétique,COGNATE,ADJ,The magnet was <MASK>.,"The actor had a <MASK> charm that drew crowds to the theatre, making each of his movies a box office hit.",L'aimant était <MASK>.,"L'acteur avait un charme <MASK> qui attirait les foules au théâtre, faisant de chacun de ses films un succès au box-office."
105,notable,notable,COGNATE,ADJ,The artist was a <MASK> figure in the art world.,"Among the <MASK> achievements of the scientist was her groundbreaking research in renewable energy, which paved the way for sustainable technologies.",L’artiste était une figure <MASK> du monde de l’art.,"Parmi les réalisations <MASK> de la scientifique figurait ses recherches révolutionnaires sur les énergies renouvelables, qui ont ouvert la voie aux technologies durables."
106,automatic,automatique,COGNATE,ADJ,The door opened with an <MASK> lock.,"The <MASK> system adjusted the room’s temperature based on the number of people inside, ensuring maximum comfort.",La porte s'est ouverte avec une serrure <MASK>.,"Le système <MASK> ajuste la température de la pièce en fonction du nombre de personnes à l’intérieur, garantissant ainsi un confort maximal."
107,horrible,horrible,COGNATE,ADJ,The food tasted <MASK>.,"The <MASK> conditions in the refugee camps sparked outrage from international humanitarian organizations, calling for immediate aid and reform.",La nourriture avait le goût de <MASK>.,"Les conditions de <MASK> dans les camps de réfugiés ont suscité l'indignation des organisations humanitaires internationales, appelant à une aide et à des réformes immédiates."
108,absolute,absolu,COGNATE,ADJ,He is in <MASK> control of the situation.,"The dictator’s <MASK> power over the country allowed him to rule without opposition, suppressing any dissent.",Il contrôle <MASK> la situation.,"Le pouvoir <MASK> du dictateur sur le pays lui a permis de gouverner sans opposition, supprimant toute dissidence."
109,dangerous,dangereux,COGNATE,ADJ,The journey was <MASK> due to the weather.,Navigating the treacherous waters without a guide proved <MASK> as the currents pulled the boat towards the rocks.,Le trajet était <MASK> en raison de la météo.,Naviguer dans les eaux dangereuses sans guide s'est avéré <MASK> alors que les courants tiraient le bateau vers les rochers.
110,entire,entier,COGNATE,ADJ,The <MASK> group decided to attend the event.,The company invested the <MASK> year's budget into developing a groundbreaking new product that could revolutionize the industry.,Le groupe <MASK> a décidé d'assister à l'événement.,L'entreprise a investi le budget de l'année <MASK> dans le développement d'un nouveau produit révolutionnaire qui pourrait révolutionner l'industrie.
111,clear,clair,COGNATE,ADJ,The instructions were very <MASK>.,"After hours of confusion, it finally became <MASK> that the software bug was causing the system to crash repeatedly.",Les instructions étaient très <MASK>.,"Après des heures de confusion, il est finalement devenu <MASK> que le bug logiciel provoquait des plantages répétés du système."
112,simple,simple,COGNATE,ADJ,The problem had a <MASK> solution.,What seemed <MASK> at first—building a bridge over the river—turned into a complex engineering challenge due to unstable ground.,Le problème avait une solution <MASK>.,Ce qui semblait au premier abord <MASK> – construire un pont sur la rivière – s'est transformé en un défi d'ingénierie complexe en raison de l'instabilité du sol.
113,gradual,graduel,COGNATE,ADJ,The change was <MASK> over the years.,"Over time, the changes were so <MASK> that no one noticed how drastically the landscape had shifted until the trees were nearly gone.",Le changement a été <MASK> au fil des années.,"Au fil du temps, les changements étaient tels <MASK> que personne n'a remarqué à quel point le paysage avait changé jusqu'à ce que les arbres disparaissent presque."
114,dramatic,dramatique,COGNATE,ADJ,The story took a <MASK> turn in the final act.,"The <MASK> shift in the stock market caught investors off guard, leading to widespread panic.",L'histoire a pris une tournure <MASK> dans l'acte final.,"Le changement de <MASK> sur le marché boursier a pris les investisseurs au dépourvu, provoquant une panique généralisée."
115,traditional,traditionnel,COGNATE,ADJ,The family followed <MASK> customs during the holiday.,"By honoring <MASK> values in their wedding ceremony, the couple managed to blend cultural heritage with modern elements.",La famille a suivi les coutumes de <MASK> pendant les vacances.,"En honorant les valeurs de <MASK> lors de leur cérémonie de mariage, le couple a réussi à mélanger le patrimoine culturel avec des éléments modernes."
116,regular,régulier,COGNATE,ADJ,He follows a <MASK> exercise routine.,"Despite his <MASK> participation in marathons, his performance in the race this year was a personal best and truly remarkable.",Il suit une routine d’exercices <MASK>.,"Malgré sa participation à des marathons <MASK>, sa performance dans la course cette année a été un record personnel et vraiment remarquable."
117,important,important,COGNATE,ADJ,This is an <MASK> issue that needs attention.,The researcher realized that the seemingly minor detail was actually <MASK> in solving the mystery of the ancient manuscript.,Il s'agit d'un problème <MASK> qui nécessite une attention particulière.,Le chercheur s'est rendu compte que le détail apparemment mineur était en fait <MASK> dans la résolution du mystère de l'ancien manuscrit.
118,perfect,parfait,COGNATE,ADJ,She wanted everything to be <MASK> for the party.,"The conditions on the day of the event were <MASK> for outdoor activities, with sunny skies and a light breeze.",Elle voulait que tout soit <MASK> pour la fête.,"Les conditions le jour de l'événement étaient <MASK> pour les activités de plein air, avec un ciel ensoleillé et une légère brise."
119,fabulous,fabuleux,COGNATE,ADJ,The vacation was <MASK>.,"The actress delivered a <MASK> performance, earning her a standing ovation and rave reviews from critics.",Les vacances étaient <MASK>.,"L'actrice a livré une performance de <MASK>, qui lui a valu une standing ovation et des critiques élogieuses de la part des critiques."
120,legal,légal,COGNATE,ADJ,The contract was <MASK>.,The <MASK> precedent set by the case will influence future court decisions on intellectual property rights.,Le contrat était <MASK>.,Le précédent <MASK> créé par l'affaire influencera les futures décisions de justice en matière de droits de propriété intellectuelle.
121,immense,immense,COGNATE,ADJ,The mountains were <MASK>.,The <MASK> challenge of building a space station on Mars will require international cooperation and cutting-edge technology.,Les montagnes étaient <MASK>.,Le défi <MASK> de construire une station spatiale sur Mars nécessitera une coopération internationale et une technologie de pointe.
122,popular,populaire,COGNATE,ADJ,"The <MASK> song echoed through the streets, bringing smiles to faces.",The <MASK> uprising against the authoritarian regime sparked a revolution that changed the nation’s political landscape.,"La chanson <MASK> a résonné dans les rues, faisant sourire les visages.",Le soulèvement du <MASK> contre le régime autoritaire a déclenché une révolution qui a changé le paysage politique du pays.
123,imaginary,imaginaire,COGNATE,ADJ,The monster in the story was <MASK>.,"Her <MASK> world was filled with mystical creatures and enchanted forests, a vivid escape from reality.",Le monstre de l'histoire était <MASK>.,"Son monde <MASK> était rempli de créatures mystiques et de forêts enchantées, une évasion vivante de la réalité."
124,vacant,vacant,COGNATE,ADJ,The house was <MASK> for years.,"The <MASK> building, once a bustling hub of activity, now stood abandoned, its windows boarded up and walls crumbling.",La maison était <MASK> pendant des années.,"Le bâtiment <MASK>, autrefois un centre d'activité très animé, est désormais abandonné, ses fenêtres condamnées et ses murs s'effondrent."
125,romantic,romantique,COGNATE,ADJ,The setting was very <MASK>.,The <MASK> sunset over the French Riviera provided the perfect backdrop for their engagement.,Le réglage était très <MASK>.,Le coucher de soleil <MASK> sur la Côte d'Azur a fourni la toile de fond idéale pour leurs fiançailles.
126,practical,pratique,COGNATE,ADJ,Her <MASK> advice helped me solve the issue.,The <MASK> applications of artificial intelligence are transforming industries from healthcare to transportation.,Ses conseils <MASK> m'ont aidé à résoudre le problème.,Les applications <MASK> de l’intelligence artificielle transforment les secteurs de la santé aux transports.
127,deficient,déficient,COGNATE,ADJ,His diet was <MASK> in nutrients.,The <MASK> funding for public education has sparked widespread debate about government priorities.,Son régime était <MASK> en nutriments.,Le financement <MASK> de l'éducation publique a suscité un large débat sur les priorités du gouvernement.
128,evident,évident,COGNATE,ADJ,It was <MASK> that she was upset.,The <MASK> decline in pollinator populations has prompted environmentalists to call for urgent conservation efforts.,C'était <MASK> qu'elle était bouleversée.,Le déclin <MASK> des populations de pollinisateurs a incité les environnementalistes à appeler à des efforts urgents de conservation.
129,decisive,décisif,COGNATE,ADJ,He made a <MASK> move to end the debate.,The general’s <MASK> tactics during the battle led to a swift and conclusive victory for his army.,Il fit un geste <MASK> pour mettre fin au débat.,La tactique <MASK> du général pendant la bataille a conduit à une victoire rapide et concluante de son armée.
130,applicable,applicable,COGNATE,ADJ,The skills she learned were highly <MASK> to her new job.,The <MASK> rules and regulations ensured that all businesses adhered to environmental protection standards.,Les compétences qu'elle a acquises étaient hautement <MASK> pour son nouvel emploi.,Les règles et réglementations <MASK> garantissaient que toutes les entreprises adhéraient aux normes de protection de l'environnement.
131,diligent,diligent,COGNATE,ADJ,She is very <MASK> in her studies.,The <MASK> research conducted by the team led to groundbreaking discoveries in renewable energy technology.,Elle est très <MASK> dans ses études.,Les recherches <MASK> menées par l'équipe ont conduit à des découvertes révolutionnaires dans le domaine des technologies des énergies renouvelables.
132,optimistic,optimiste,COGNATE,ADJ,He remained <MASK> despite the challenges.,The <MASK> outlook of the economist predicted a steady recovery for the global economy following the recession.,Il est resté <MASK> malgré les défis.,Les perspectives <MASK> de l'économiste prévoyaient une reprise régulière de l'économie mondiale après la récession.
133,typical,typique,COGNATE,ADJ,The design was <MASK> of that era.,"The <MASK> symptoms of the illness include fever, fatigue, and a persistent cough.",Le design était le <MASK> de cette époque.,"Les symptômes <MASK> de la maladie comprennent de la fièvre, de la fatigue et une toux persistante."
134,real,réel,COGNATE,ADJ,The story is based on <MASK> events.,"The <MASK> consequences of climate change are already being felt, with rising sea levels and more frequent natural disasters.",L'histoire est basée sur les événements <MASK>.,"Les conséquences <MASK> du changement climatique se font déjà sentir, avec une élévation du niveau de la mer et des catastrophes naturelles plus fréquentes."
135,precise,précis,COGNATE,ADJ,Her instructions were <MASK>.,"The surgeon’s <MASK> incision minimized damage to surrounding tissue, ensuring a successful outcome for the patient.",Ses instructions étaient <MASK>.,"L’incision <MASK> du chirurgien a minimisé les dommages aux tissus environnants, garantissant ainsi un résultat positif pour le patient."
136,patient,patient,COGNATE,ADJ,The doctor was very <MASK> with her.,The teacher’s <MASK> guidance helped the struggling student build confidence and improve academically.,Le médecin était très <MASK> avec elle.,Les conseils <MASK> de l’enseignant ont aidé l’élève en difficulté à gagner en confiance et à s’améliorer sur le plan académique.
137,splendid,splendide,COGNATE,ADJ,The view from the mountain was <MASK>.,"The <MASK> display of fireworks lit up the night sky, celebrating the country’s independence with grandeur.",La vue depuis la montagne était <MASK>.,"Le feu d’artifice <MASK> a illuminé le ciel nocturne, célébrant avec grandeur l’indépendance du pays."
138,inseparable,inséparable,COGNATE,ADJ,The <MASK> duo moved through life with an unspoken understanding.,"The <MASK> bond between the two friends remained strong, even after years of living in different countries.",Le duo <MASK> a traversé la vie avec une compréhension tacite.,"Le lien <MASK> entre les deux amis est resté fort, même après des années de vie dans des pays différents."
139,contrary,contraire,COGNATE,ADJ,His views were <MASK> to mine.,The <MASK> opinions expressed during the debate highlighted the deep divisions within the political landscape.,Ses opinions étaient <MASK> pour moi.,Les opinions <MASK> exprimées au cours du débat ont mis en évidence les profondes divisions au sein du paysage politique.
140,ethical,éthique,COGNATE,ADJ,Her decision was completely <MASK>.,The company’s <MASK> practices have earned it a reputation for fairness and integrity in its treatment of employees and the environment.,Sa décision était complètement <MASK>.,Les pratiques <MASK> de l’entreprise lui ont valu une réputation d’équité et d’intégrité dans son traitement des employés et de l’environnement.
141,advertisement,avertissement,FALSE COGNATE,N,The <MASK> caught my attention.,"The <MASK> cleverly highlighted the product's unique features, making it stand out in a crowded market.",Le service météo a publié un <MASK> sur son site Internet.,"Le service météorologique a émis un <MASK> concernant les orages violents, conseillant aux résidents de prendre les précautions nécessaires."
142,bag,bague,FALSE COGNATE,N,She carried a large <MASK>.,"The <MASK> was filled to the brim with groceries, making it difficult for her to carry home.",Elle n'a pas porté son <MASK> pour la fête.,"Le diamant étincelant <MASK> à son doigt a attiré l'attention de tous pendant l'événement, symbolisant ses récents fiançailles."
143,candour,candeur,FALSE COGNATE,N,His <MASK> impressed everyone.,"Her <MASK> during the discussion fostered trust among the team, leading to open and honest communication.",Le <MASK> de l'enfant était évident.,Le <MASK> de l’enfant était évident dans ses questions non filtrées et son rire pur.
144,cart,carte,FALSE COGNATE,N,We used a small <MASK> to carry the boxes into the house.,"The <MASK> was loaded with fresh produce and essential items, making the shopping trip feel productive.",Il vérifia le <MASK> pour obtenir des directions.,"Il se pencha sur le vieux <MASK>, espérant qu'il révélerait un chemin caché à travers la forêt dense."
145,clock,cloque,FALSE COGNATE,N,The old <MASK> needed a new battery.,"The <MASK> on the wall chimed every hour, its echo resonating throughout the quiet room.",Elle remarqua un <MASK> sur son talon.,"Après avoir parcouru des kilomètres avec des bottes neuves, elle a découvert un <MASK> douloureux sur son talon."
146,cloak,cloaque,FALSE COGNATE,N,She wore a long <MASK>.,"The <MASK> draped elegantly over her shoulders, adding an air of mystery to her presence.",L'étang s'est transformé en un <MASK>.,"Des années de négligence avaient transformé l'étang en un <MASK> trouble, rempli de débris et d'eau nauséabonde."
147,commodity,commodité,FALSE COGNATE,N,Gold is a valuable <MASK>.,The rising demand for renewable energy sources has made solar panels a highly sought-after <MASK>.,Elle a apprécié le <MASK> des achats en ligne.,Le <MASK> des achats en ligne lui a permis de trouver et de comparer facilement des produits sans quitter son domicile.
148,conservatory,conservatoire,FALSE COGNATE,N,The <MASK> was beautiful and attracted many visitors.,"The <MASK>, filled with exotic plants and bright flowers, served as a peaceful retreat from the bustling city outside.",Ils ont visité un <MASK> lors de leur voyage.,"Ils ont passé des heures à l'histoire naturelle <MASK>, captivés par d'anciens fossiles et des artefacts rares de différentes époques."
149,deception,déception,FALSE COGNATE,N,His story was a <MASK>.,"The elaborate <MASK> had everyone believing his lies, revealing the lengths he would go to for personal gain.",Il y avait <MASK> dans son ton.,Son <MASK> était clair lorsque le projet tant attendu n'a pas tenu ses promesses.
150,dresser,dresseur,FALSE COGNATE,N,She organized her clothes in the <MASK>.,"The <MASK> was neatly arranged, with each drawer holding her favorite outfits and accessories.",Le <MASK> a réalisé des tours avec son chien.,Le talentueux <MASK> a captivé le public avec des tours de chien complexes et un timing impeccable.
151,fabric,fabrique,FALSE COGNATE,N,The <MASK> felt soft against my skin.,"The luxurious <MASK> of the gown flowed gracefully, making it the perfect choice for the evening gala.",Le <MASK> se trouvait juste à l’extérieur de la ville.,La grande entreprise textile <MASK> située à la périphérie de la ville employait des centaines de résidents locaux.
152,gender,gendre,FALSE COGNATE,N,<MASK> roles have evolved over time.,"The study explored how <MASK> roles have transformed in modern society, challenging traditional stereotypes.",Son <MASK> a aidé aux réparations.,Son <MASK> fiable avait toujours pris soin de sa fille depuis leur mariage.
153,hate,hâte,FALSE COGNATE,N,There was a lot of <MASK> in the room.,The <MASK> displayed during the debate revealed deep-seated issues that needed to be addressed.,Elle s'est déplacée avec <MASK> pour prendre le bus.,"Dans son <MASK> pour prendre le premier bus, il a laissé ses clés sur le comptoir de la cuisine."
154,bullet,boulet,FALSE COGNATE,N,The <MASK> left a dent in the wall.,"A <MASK>, small but devastating, was the ominous messenger of fate on the battlefield.",Le <MASK> a volé à travers le champ.,"Le <MASK> frappa avec force, brisant la barricade et résonnant sur le champ de bataille."
155,journey,journée,FALSE COGNATE,N,Their <MASK> took them across the country.,The <MASK> through breathtaking landscapes and quaint towns left them with lasting memories.,Elle attendait avec impatience le prochain <MASK>.,"Après une semaine longue et difficile, elle attendait avec impatience le reposant <MASK> qui l'attendait."
156,land,lande,FALSE COGNATE,N,The dog ran across the <MASK>.,"The <MASK> stretched out before them, rich with nutrients and perfect for planting crops.",Ils ont marché à travers le <MASK> ouvert.,"Le vaste <MASK> balayé par le vent s'étendait à l'infini, seul le bruit de la bruyère brisant le silence."
157,lecturer,lecteur,FALSE COGNATE,N,The <MASK> shared insightful knowledge.,The <MASK> captivated the audience with her engaging presentation on climate change and its global impacts.,Le <MASK> a beaucoup apprécié l'histoire.,"<MASK> vorace, elle dévorait les livres, toujours désireuse d'explorer de nouveaux mondes et de nouvelles idées."
158,library,librairie,FALSE COGNATE,N,The <MASK> was quiet and peaceful.,"Filled with the scent of old books, the <MASK> provided a tranquil atmosphere for studying and research.",Il est allé au <MASK> après le travail.,"Désireux d'acheter un nouveau thriller, il s'est rendu au <MASK> local et a parcouru les étagères pendant des heures."
159,lodger,logeur,FALSE COGNATE,N,She was a friendly <MASK> who loved to chat.,"The <MASK> was quiet and respectful, making him an ideal tenant in their shared home.",Son <MASK> a inspecté l'appartement.,Le <MASK> est arrivé pour vérifier les réparations récentes et discuter des plans de maintenance à venir.
160,luxury,luxure,FALSE COGNATE,N,They enjoyed a life of <MASK>.,Their life of <MASK> was evident in the grand mansion and expensive cars they owned.,Son <MASK> en a offensé beaucoup.,Son <MASK> constant et ses commentaires inappropriés rendaient les réunions sociales inconfortables pour tout le monde.
161,medicine,médecin,FALSE COGNATE,N,He studied <MASK> at the university for years.,"The <MASK> prescribed by the physician was crucial in her recovery, alleviating her symptoms significantly.",Le <MASK> a vérifié son pouls.,Le <MASK> expérimenté a soigneusement examiné ses symptômes avant de recommander un traitement.
162,nap,nappe,FALSE COGNATE,N,He took a short <MASK> before resuming his work.,A brief <MASK> during the afternoon helped him recharge and improve his focus for the rest of the day.,Elle a acheté un nouveau <MASK> pour sa maison.,La <MASK> brodée a ajouté une touche chaleureuse et décorative à l'organisation du dîner en famille.
163,novel,nouvelle,FALSE COGNATE,N,The <MASK> was captivating.,"The <MASK> wove a long, compelling narrative that kept readers on the edge of their seats from beginning to end.",Il a écrit un <MASK> pour la classe.,Le <MASK> a magistralement résumé les émotions humaines complexes et les problèmes sociétaux dans un bref récit.
164,pool,poule,FALSE COGNATE,N,The <MASK> is a fun place to relax.,"The <MASK> shimmered under the sun, inviting them for a refreshing swim on a hot day.",Ils ont élevé un <MASK> dans leur jardin.,"Le <MASK> gloussa joyeusement alors qu'il se promenait librement autour du poulailler, picorant le sol."
165,petulance,pétulance,FALSE COGNATE,N,His <MASK> was hard to handle.,"The child's <MASK> became evident when he didn't get his way, making it challenging for his parents.",Son <MASK> égayait la pièce.,Son <MASK> contagieux et son sourire radieux ont apporté chaleur et énergie à chaque rassemblement.
166,glaze,glaise,FALSE COGNATE,N,The <MASK> on the donut looked delicious.,"The <MASK> added a beautiful shine to the pottery, enhancing its visual appeal significantly.",Il a façonné le <MASK> dans un bol.,"Avec des mains exercées, il a moulé le doux <MASK> dans un bol élégant, lissant chaque bord avec précision."
167,jest,geste,FALSE COGNATE,N,His joke was a <MASK>.,"The lighthearted <MASK> brought laughter to the room, diffusing the tension of the earlier discussion.",Elle fit un <MASK> amical en passant.,Elle a donné un <MASK> chaleureux en offrant sa place à la femme âgée qui se tenait à proximité.
168,corn,corne,FALSE COGNATE,N,They harvested <MASK> from the field.,"The <MASK> stood tall and golden, ready for harvest and eager to be transformed into delicious meals.",Le <MASK> de l’animal brillait sous la lumière du soleil.,Le <MASK> unique et en spirale de la licorne possédait des pouvoirs de guérison mystiques dans le folklore.
169,blanket,blanquette,FALSE COGNATE,N,She grabbed a <MASK> from the couch.,"The warm <MASK> provided comfort on the chilly evening, making her feel cozy and secure.",Elle a préparé un <MASK> pour le dîner.,"Elle prépara un copieux <MASK>, le faisant mijoter lentement avec de riches épices et des légumes frais pour faire ressortir la saveur profonde et réconfortante de la viande."
170,tutor,tuteur,FALSE COGNATE,N,The <MASK> explained the topic clearly.,"Seeking extra help, he decided to hire a <MASK> to improve his understanding of math concepts.",Le <MASK> de l’enfant les a accompagnés à l’école.,"Le <MASK> attentif accompagnait l'enfant à l'école chaque matin, s'assurant qu'il arrivait en toute sécurité et à l'heure."
171,triviality,trivialité,FALSE COGNATE,N,The <MASK> of the issue was clear.,"The discussion centered around the <MASK> of the matter, revealing a lack of depth in understanding.",Il a évité <MASK> dans son discours.,"Malgré le débat intense, il évitait tout <MASK>, choisissant soigneusement ses mots pour exprimer le respect."
172,trick,trique,FALSE COGNATE,N,She pulled a funny <MASK> on her friend.,"The magician's <MASK> left the audience in awe, as he made the rabbit disappear in an instant.",Elle ramassa le <MASK> par terre.,"Elle agrippa fermement le lourd <MASK>, prête à se défendre si nécessaire."
173,traitor,traiteur,FALSE COGNATE,N,He was declared to be a <MASK> by the authorities.,"His betrayal of the group led to him being labeled a <MASK>, forever changing the dynamics of their friendship.",Le <MASK> a préparé la nourriture pour l'événement.,"Les experts <MASK> ont soigneusement disposé les plateaux, garantissant que chaque plat était appétissant et frais pour les invités."
174,target,targette,FALSE COGNATE,N,The <MASK> was clearly marked.,The <MASK> on the board indicated where the participants needed to aim during the archery practice.,Il fit glisser le <MASK> en place.,"Elle a sécurisé le lourd <MASK>, ressentant un sentiment de sécurité alors qu'elle s'enfermait pour la nuit."
175,scheme,schème,FALSE COGNATE,N,They devised a complex <MASK>.,"The elaborate <MASK> involved multiple players, each with a specific role in executing the plan.",Le <MASK> l'a aidé à organiser ses idées.,"Le <MASK> soigneusement conçu a fourni une structure détaillée, le guidant à travers chaque étape de son projet de recherche."
176,rosary,roseraie,FALSE COGNATE,N,She prayed with her <MASK>.,The <MASK> hung from her hand as she whispered her prayers in a moment of quiet reflection.,Ils ont visité le <MASK> dimanche.,"Ils se promenèrent dans le <MASK>, admirant les fleurs rouges vibrantes et le parfum délicat qui remplissait l'air."
177,riddle,ridelle,FALSE COGNATE,N,The <MASK> was challenging.,"The <MASK> puzzled everyone, requiring careful thought to unravel its hidden meaning.",Elle a remplacé le <MASK> cassé dans la clôture.,"Après la tempête, elle a refixé chaque <MASK> détaché sur la clôture, le restaurant à son état d'origine."
178,rest,reste,FALSE COGNATE,N,He needed a moment of <MASK>.,"After a long day of hiking, the campers settled into their tents, grateful for a moment of <MASK> before the next day's journey.",Elle a emballé le <MASK> après le dîner.,"Après le grand dîner de famille, elle a soigneusement emballé le <MASK>, sachant qu'ils prépareraient un excellent déjeuner le lendemain."
179,reply,repli,FALSE COGNATE,N,She waited for a <MASK>.,"Eagerly anticipating a <MASK>, she checked her messages multiple times throughout the day.",Il fit un <MASK> pointu dans le papier.,"Avec précision, il a créé un <MASK> soigné dans le papier pour garantir une œuvre d'art origami propre."
180,rape,râpe,FALSE COGNATE,N,The news reported a case of <MASK>.,"There are significant complexities surrounding <MASK>, particularly regarding victim support, societal stigma, and the importance of consent in contemporary discussions on sexual violence.",Il a utilisé le <MASK> pour le fromage.,"Elle passa soigneusement le bloc de fromage sur le <MASK>, regardant les fins copeaux tomber sur l'assiette en dessous."
181,raffle,rafle,FALSE COGNATE,N,They entered the <MASK> for a chance to win.,"Participants eagerly bought tickets for the <MASK>, hoping to win the grand prize of a luxury vacation.",Le <MASK> s'est produit tôt le matin.,"L'inattendu <MASK> a perturbé la matinée calme, les agents sécurisant rapidement les lieux."
182,quill,quille,FALSE COGNATE,N,He wrote the letter with a <MASK>.,"The ancient manuscript was beautifully penned with a <MASK>, showcasing the artistry of the calligrapher.",Le <MASK> du bateau le maintenait stable dans les eaux agitées.,"Le <MASK> robuste du bateau assurait l'équilibre, lui permettant de naviguer dans des eaux agitées sans basculer."
183,patent,patente,FALSE COGNATE,N,She wished for a <MASK> for her invention.,"The inventor eagerly awaited approval for her <MASK>, which would protect her innovative design from being copied.",Elle a demandé un <MASK> pour démarrer son entreprise.,"Après des mois de préparation, elle a finalement obtenu un <MASK> pour ouvrir officiellement son restaurant au public."
184,flick,flic,FALSE COGNATE,N,She gave the switch a quick <MASK>.,"With a swift <MASK> of his wrist, the magician made the coin disappear before the audience's eyes.",Le <MASK> s'est dirigé vers le centre-ville.,"Le <MASK> expérimenté a dirigé efficacement la circulation pendant la pointe matinale, assurant ainsi la sécurité de tous."
185,lock,loquet,FALSE COGNATE,N,The <MASK> clicked shut when I closed it.,"The heavy <MASK> clicked into place, ensuring the house was safe and secure for the night.",Elle tourna le <MASK> pour sécuriser la porte.,"Avec une rotation rapide du <MASK>, elle ressentit un sentiment de sécurité alors qu'elle verrouillait la porte pour la nuit."
186,loop,loupe,FALSE COGNATE,N,He tied the rope in a <MASK>.,"The knot formed a tight <MASK>, providing the necessary support for the heavy load.",Il a utilisé un <MASK> pour lire les petits caractères.,"Avec une attention particulière, il a tenu le <MASK> sur le document, examinant chaque petit détail pour en vérifier l'exactitude."
187,leg,legs,FALSE COGNATE,N,He injured his <MASK> while playing.,"The runner’s <MASK> injury sidelined him from the competition, forcing him to undergo rehabilitation.",Son <MASK> a continué à influencer la communauté.,Le <MASK> de générosité et de créativité de l’artiste a continué d’inspirer les jeunes talents de la communauté longtemps après son décès.
188,jug,joug,FALSE COGNATE,N,She poured juice into the <MASK>.,"The glass <MASK> was filled with freshly squeezed juice, ready to be served at breakfast.",Le <MASK> reliait les deux bœufs à la charrue.,"Le lourd <MASK> en bois reposait sur les épaules des bœufs, les aidant à tirer la charrue à travers le champ à l'unisson."
189,jacket,jacquet,FALSE COGNATE,N,He wore a warm <MASK> for winter.,"The thick <MASK> kept him warm during the harsh winter months, protecting him from the biting cold.",Ils ont joué à <MASK> au café.,"Les deux amis ont apprécié une partie animée de <MASK> au café, élaborant une stratégie pour chaque mouvement avec un enthousiasme compétitif."
190,inconvenience,inconvenance,FALSE COGNATE,N,The situation was an <MASK>.,"The flat tire was a significant <MASK>, delaying their trip and causing frustration.",La fête s'est terminée dans <MASK>.,"L'atmosphère raffinée de la soirée a été éclipsée par un moment de <MASK>, laissant les invités mal à l'aise."
191,actual,actuel,FALSE COGNATE,ADJ,The <MASK> price was lower.,"The <MASK> price of the product was significantly lower than what was initially advertised, surprising many customers.",Le sujet d'actualité <MASK> était à la mode en ligne.,"La question <MASK> du changement climatique reste au centre des débats mondiaux, impactant les politiques et les initiatives à travers le monde."
192,dishonest,déshonnête,FALSE COGNATE,ADJ,His <MASK> actions were revealed.,"The investigation uncovered his <MASK> actions, leading to severe consequences for his career and reputation.",Sa vantardise de <MASK> a ennuyé tout le monde.,"L'enquête a révélé ses actions <MASK>, entraînant de graves conséquences pour sa carrière et sa réputation. inconfortablement vantarde."
193,genial,génial,FALSE COGNATE,ADJ,She has a <MASK> personality.,"Her <MASK> personality makes her well-liked among her colleagues, often bringing a positive atmosphere to the office.",Son idée <MASK> a surpris tout le monde.,"Avec une touche de <MASK>, il a réinventé l’ancienne technologie, la rendant plus rapide et plus efficace que jamais."
194,gentle,gentil,FALSE COGNATE,ADJ,He gave a <MASK> smile.,"The <MASK> smile he offered reassured the children, helping them feel safe and welcome in the new environment.",C'est une personne très <MASK>.,"Avec un cœur bienveillant et un sourire <MASK>, elle a consacré son temps à aider ceux qui en avaient le plus besoin."
195,jolly,joli,FALSE COGNATE,ADJ,The <MASK> man sang loudly on the street.,"The <MASK> man sang loudly at the festival, spreading cheer and happiness to everyone around him.",Les fleurs ressemblaient à <MASK> dans le vase.,"Elle a arrangé le bouquet, chaque pétale <MASK> complétant les autres, créant un affichage d'élégance naturelle."
196,luxurious,luxurieux,FALSE COGNATE,ADJ,They stayed in a <MASK> hotel.,"Their vacation was made even better by the <MASK> hotel, which offered stunning views and top-notch amenities.",Ses commentaires étaient <MASK> et déplacés.,"Le comportement obscène dont il a fait preuve était choquant, faisant que tout le monde <MASK> lors du rassemblement."
197,miserable,misérable,FALSE COGNATE,ADJ,She felt <MASK> during the rain.,"The continuous rain made her feel <MASK>, as she longed for sunny days to return.",Il était <MASK> et n'avait plus rien.,"Après avoir perdu son emploi, il est devenu <MASK>, luttant même pour payer les repas de base de sa famille."
198,livid,livide,FALSE COGNATE,ADJ,She was <MASK> when she found out the truth.,"After hearing the unfair accusation, he became <MASK>, his face turning red with anger and frustration.",Son visage ressemblait à <MASK> ce jour-là.,"Le médecin a remarqué son teint inhabituellement <MASK>, signe clair de son état de santé déclinant."
199,candid,candide,FALSE COGNATE,ADJ,Her <MASK> comments surprised everyone.,"Her <MASK> comments during the meeting caught everyone off guard, as they were refreshingly honest and direct.",Elle est trop <MASK> pour voir ses véritables intentions.,"Avec une confiance <MASK>, elle croyait chaque mot qu'il disait, ignorant ses motivations cachées."
200,blessed,blessé,FALSE COGNATE,ADJ,They felt <MASK> to be together.,They considered themselves <MASK> for the opportunity to share their lives and support each other through challenges.,Il avait un bras <MASK> après l'accident.,"Sa fierté <MASK> faisait plus mal que ses bleus, car il n’avait jamais été battu auparavant."
201,vulgar,vulgaire,FALSE COGNATE,ADJ,Some of his jokes turned out to be a bit <MASK>.,"The comedian's <MASK> jokes alienated part of the audience, causing some to walk out in disgust.",Le repas était plutôt <MASK>.,"Malgré la réputation du restaurant, les plats semblaient <MASK>, manquant du flair et de la créativité attendus."
202,vivacious,vivace,FALSE COGNATE,ADJ,She has a <MASK> spirit.,"Her <MASK> spirit brings energy to every gathering, making her the life of the party wherever she goes.",Les arbres étaient <MASK>.,"Ces arbres <MASK> avaient vu passer des générations, leurs racines profondément ancrées dans le sol riche de la vieille forêt."
203,villainous,vilain,FALSE COGNATE,ADJ,The character had a <MASK> plot.,The <MASK> plot devised by the antagonist revealed a deeper motivation rooted in personal betrayal.,Son comportement <MASK> a choqué tout le monde.,Les commentaires <MASK> qu'il a faits ont révélé un côté sombre que personne n'avait jamais vu auparavant.
204,lunatic,lunatique,FALSE COGNATE,ADJ,His ideas were considered <MASK>.,"Her <MASK> ideas about an impending apocalypse led her to build a bunker filled with supplies, drawing both laughter and concern from her friends.",Ses humeurs étaient <MASK> et imprévisibles.,"Avec un tour de <MASK>, elle passa du rire à la colère, laissant tout le monde autour d'elle perplexe."
205,sympathetic,sympathique,FALSE COGNATE,ADJ,She was <MASK> to their plight.,"Her <MASK> nature allowed her to connect deeply with others, providing comfort during their times of need.",Elle a un sourire <MASK>.,"Son attitude <MASK>, caractérisée par sa chaleur et son accessibilité, a immédiatement mis les invités anxieux à l'aise à leur arrivée au dîner formel."
206,replete,replet,FALSE COGNATE,ADJ,The cupboard was <MASK> with snacks.,"The cupboard was <MASK> with snacks, making it difficult for anyone to resist indulging in a treat.",Le chat avait l'air <MASK> et bien nourri.,"Sa silhouette <MASK> montrait l'amour de son propriétaire pour le gâter avec des friandises, faisant de lui le chat le plus rond du quartier."
207,mystifying,mystifiant,FALSE COGNATE,ADJ,The answer was <MASK>.,"The <MASK> patterns etched into the ancient stones of the temple left archaeologists puzzled, as they seemed to convey a language or message lost to time",La description était <MASK>.,"Son argumentaire de vente <MASK> cachait les défauts du produit, incitant les acheteurs à faire de mauvais investissements."
208,abusive,abusif,FALSE COGNATE,ADJ,His behavior towards his family was <MASK>.,The <MASK> treatment she received from her partner prompted her to seek help and regain her self-worth.,Ses commentaires étaient <MASK> pour le paramètre.,La tenue <MASK> qu'elle portait lors de l'événement officiel a attiré les regards désapprobateurs de nombreux invités.
209,adept,adepte,FALSE COGNATE,ADJ,She is <MASK> at solving problems.,Her <MASK> ability to navigate complex challenges impressed her colleagues during the project.,Chaque <MASK> contribue à sa manière à la mission du groupe.,Le plus récent <MASK> de la confrérie s’est senti honoré de perpétuer des traditions vieilles de plusieurs siècles et de perpétuer son héritage.
210,adequate,adéquat,FALSE COGNATE,ADJ,The equipment is <MASK> for the task.,"The tools available were <MASK> for completing the job, but they lacked advanced features for more intricate work.",Porter des jeans au travail n’était pas <MASK>.,"Lors de cette réunion formelle, sa tenue décontractée n'était guère <MASK>, attirant des regards désapprobateurs de la part de l'équipe."
211,alterable,altérable,FALSE COGNATE,ADJ,The plan was <MASK> if necessary.,"The strategy was designed to be <MASK>, allowing adjustments based on feedback and changing circumstances.",Certains produits sont <MASK>.,"Si elle n'est pas traitée, la condition est <MASK>, ce qui a un impact sur la capacité du produit à fonctionner normalement."
212,altered,altéré,FALSE COGNATE,ADJ,The <MASK> dress fit her perfectly.,The <MASK> blueprint had more clarity and ensured that all specifications were easy to understand.,Le rideau avait <MASK>.,"L'ancienne tapisserie, autrefois vibrante, était maintenant <MASK>, l'ombre de son ancienne beauté."
213,blind,blindé,FALSE COGNATE,ADJ,He is <MASK> to the reality.,His <MASK> optimism prevented him from seeing the potential risks involved in his plans.,Le camion était <MASK>.,"Equipé d'un blindage renforcé, le véhicule <MASK> pourrait résister aux attaques dans les zones dangereuses."
214,defiant,défiant,FALSE COGNATE,ADJ,She was <MASK> in her stance.,"Her <MASK> attitude during the debate showcased her unwavering commitment to her beliefs, regardless of opposition.",Elle sentit le <MASK> d'étrangers.,"Après des années de trahison, il est resté <MASK> de tous ceux qui tentaient de s'approcher de trop près."
215,disgraceful,disgracieux,FALSE COGNATE,ADJ,His actions were <MASK> towards the community.,The <MASK> behavior displayed during the event tarnished his reputation and led to widespread condemnation.,Ses mots étaient <MASK>.,"Sa réponse fut <MASK>, un changement radical par rapport à sa gentillesse habituelle, quittant la pièce en silence."
216,droll,drôle,FALSE COGNATE,ADJ,The comedian's humor was <MASK>.,"His <MASK> sense of humor, filled with clever wordplay, had the audience in stitches throughout the show.",La maison avait l'air <MASK> la nuit.,Il y avait quelque chose de <MASK> dans la lueur étrange venant du manoir abandonné sur la colline.
217,poisonous,empoisonnant,FALSE COGNATE,ADJ,The plant is <MASK> if ingested.,The <MASK> nature of the plant made it crucial to keep it out of reach of children and pets.,Son rire bruyant était très <MASK>.,"Le bourdonnement constant en arrière-plan était très <MASK>, rendant presque impossible la concentration."
218,extenuating,exténuant,FALSE COGNATE,ADJ,The <MASK> circumstances were considered.,"The judge took the <MASK> circumstances into account when deciding the sentence, showing compassion for the defendant.",Cet entraînement était <MASK>.,"Après des heures de montée, les randonneurs ont trouvé le voyage complètement <MASK>, les laissant épuisés."
219,fast,faste,FALSE COGNATE,ADJ,He drove at a <MASK> speed.,"He drove at a <MASK> speed down the highway, eager to reach his destination before dark.",Le timing était <MASK>.,"Avec le temps qui devenait chaud juste au début de leurs vacances, ils pensèrent que c'était <MASK> que la fortune leur souriait."
220,fastidious,fastidieux,FALSE COGNATE,ADJ,She is very <MASK> about keeping her room clean.,His <MASK> attention to detail made his work stand out among his peers.,La réunion était <MASK>.,"La conférence interminable semblait ennuyeuse et <MASK>, obligeant beaucoup de personnes à lutter pour rester éveillées."
221,foolish,fou,FALSE COGNATE,ADJ,It was <MASK> to ignore the warning signs.,Making such a <MASK> decision without considering the consequences could lead to serious repercussions.,Son idée semblait <MASK>.,Tenter de parcourir le sentier glacé sans équipement approprié sonnait carrément <MASK> à tout le monde autour de lui.
222,gross,gros,FALSE COGNATE,ADJ,The food was <MASK> and unappetizing.,The <MASK> appearance of the dish made it hard for anyone to consider taking a bite.,Le chien avait l'air un peu <MASK>.,"Son ventre <MASK> rebondissait pendant qu'il courait, preuve de son amour pour les friandises et de sa réticence à faire de l'exercice."
223,mundane,mondain,FALSE COGNATE,ADJ,The task felt <MASK> after a while.,"Initially interesting, the task quickly became <MASK>, leaving her bored and unmotivated.",Il avait une vision très <MASK>.,"Avec un air <MASK>, il a parlé de ses voyages à travers les continents, ayant fait la connaissance directe de différentes cultures."
224,improvable,improuvable,FALSE COGNATE,ADJ,Her skills are <MASK> with practice.,"The current system is <MASK>, suggesting that with targeted modifications, it could significantly enhance efficiency and effectiveness.",La théorie était <MASK>.,"En raison de sa complexité, l'hypothèse est restée <MASK>, faute de preuves suffisantes pour la soutenir."
225,injurious,injurieux,FALSE COGNATE,ADJ,The chemical was labeled as <MASK> for skin.,Prolonged exposure to the <MASK> substances led to serious health complications for the workers.,Ses commentaires étaient <MASK>.,"Sa remarque <MASK> est profonde, une attaque claire contre son personnage."
226,intoxicating,intoxicant,FALSE COGNATE,ADJ,The <MASK> aroma filled the room.,"The <MASK> aroma of the wine wafted through the air, enticing guests to indulge in a glass.",Les baies étaient <MASK>.,"Les baies rouge vif étaient <MASK>, d'une beauté trompeuse mais dangereuses à manger."
227,unusable,inusable,FALSE COGNATE,ADJ,The device was deemed <MASK>.,"After extensive testing, the device was deemed <MASK> and required complete replacement.",La robe dans sa garde-robe était <MASK>.,"Déchiré à plusieurs endroits, le vieux manteau était devenu <MASK> et a été donné au lieu d'être porté."
228,unused,inusité,FALSE COGNATE,ADJ,The old machinery remained <MASK> in the corner.,"The <MASK> machinery had gathered dust over the years, a reminder of the factory's once-thriving production line.",C'était un choix de mot <MASK>.,"Le vocabulaire de l’écrivain était rempli de termes <MASK>, ce qui rendait sa prose distinctive mais difficile à lire."
229,onerous,onéreux,FALSE COGNATE,ADJ,The task was <MASK> and time-consuming.,"Completing the project proved to be an <MASK> endeavor, demanding more time and effort than anticipated.",Les réparations de la salle d'exposition étaient <MASK>.,"Le remplacement des pièces antiques du moteur s’est avéré être <MASK>, doublant presque le budget du projet."
230,petulant,pétulant,FALSE COGNATE,ADJ,His <MASK> behavior annoyed everyone.,"The <MASK> outburst from the child disrupted the meeting, drawing disapproving looks from the adults.",L’afterparty était plutôt <MASK>.,"La foule de <MASK> a rempli la salle de rires, de musique et de bonne humeur, créant une atmosphère inoubliable."
231,sycophant,sycophante,FALSE COGNATE,ADJ,His <MASK> behavior was obvious.,"The <MASK> tendencies of the employee became glaringly apparent during meetings, where he excessively praised the manager in an attempt to gain favor and advance his own agenda.",Elle l'a traité de <MASK> devant tout le monde.,"Après avoir révélé le secret, il a été qualifié de <MASK>, perdant ainsi la confiance de ses amis."
232,agonizing,agonisant,FALSE COGNATE,ADJ,It was an <MASK> decision to make.,"The protagonist faced an <MASK> choice between following her dreams and adhering to family expectations, each option fraught with its own emotional turmoil.",L’animal souffrait de <MASK>.,"En proie à la douleur <MASK>, il avait du mal à bouger, chaque respiration plus lourde que la précédente."
233,balanced,balancé,FALSE COGNATE,ADJ,The <MASK> diet improved his health.,"A <MASK> diet, rich in fruits, vegetables, and protein contributed significantly to his overall well-being.",L’athlète était <MASK>.,"Debout et <MASK>, il a facilement retenu l'attention de la pièce."
234,benevolent,bénévole,FALSE COGNATE,ADJ,Her <MASK> nature was well-known.,The <MASK> actions of the philanthropist positively impacted countless lives in the community.,Elle était heureuse de lui offrir son aide <MASK>.,"En tant que participante à <MASK>, elle a consacré son temps et son énergie, sans rien attendre en retour."
235,comprehensive,compréhensif,FALSE COGNATE,ADJ,The report was <MASK> in its coverage.,"The <MASK> report provided detailed insights into the issues affecting the local economy, making it a valuable resource.",Sa mère a toujours été très <MASK>.,"Sa nature <MASK> faisait d'elle une amie réconfortante, toujours prête à écouter et à offrir des conseils."
236,oppressed,oppressé,FALSE COGNATE,ADJ,The <MASK> workers demanded better conditions.,"The voices of the <MASK> workers rose in unison, calling for fair treatment and improved working conditions.",Le coureur était <MASK> après avoir terminé le marathon.,"<MASK> du sprint, il se pencha, à bout de souffle."
237,maroon,marron,FALSE COGNATE,ADJ,The dress was a shade of <MASK>.,"She chose a <MASK> dress for the occasion, its rich, deep color complementing her complexion beautifully.",Ses yeux étaient un <MASK> profond.,"Ses yeux étaient d'une couleur profonde <MASK>, chaleureuse et invitante comme un café riche et fraîchement moulu."
238,preservative,préservatif,FALSE COGNATE,ADJ,The <MASK> ingredients keep it fresh.,They used <MASK> ingredients that allowed the product to stay fresh for months.,Ils ont été formés à l’utilisation d’un <MASK>.,Elle a insisté pour utiliser un <MASK> pour éviter des complications inattendues.
239,patented,patenté,FALSE COGNATE,ADJ,He developed a <MASK> design.,"After years of research and development, the team successfully secured a <MASK> technology that revolutionizes the way we approach renewable energy solutions.",Le médecin était officiellement <MASK>.,"En tant que professionnel de <MASK>, on lui faisait confiance pour gérer des interventions chirurgicales complexes avec compétence et autorité."
240,passionate,passionnant,FALSE COGNATE,ADJ,He was <MASK> about his work.,His <MASK> dedication to his craft inspired his team to strive for excellence in every project.,Le tour de montagnes russes était <MASK>.,"À chaque virage, le trajet s'est avéré être <MASK>, les laissant tous essoufflés et ravis."
241,agenda,agenda,FALSE COGNATE,N,The <MASK> was packed with events.,"The <MASK> for the meeting was packed with important items, leaving little time for discussion of less critical topics.",Elle écrivait dans son <MASK> tous les jours.,"Chaque soir, elle versait ses pensées dans son <MASK>, capturant les événements de la journée et ses émotions les plus profondes."
242,chandelier,chandelier,FALSE COGNATE,N,The <MASK> lit up the room.,"The elegant <MASK> hanging from the ceiling illuminated the entire room, creating a warm and inviting atmosphere.",Le vieux <MASK> était sur la table.,"L'antique <MASK>, avec des restes de cire d'innombrables occasions passées, se tenait au centre de la table, témoin silencieux de nombreux rassemblements."
243,chat,chat,FALSE COGNATE,N,They had a friendly <MASK> over coffee.,"During their friendly <MASK> over coffee, they shared stories and laughter, strengthening their friendship.",Le <MASK> se recroquevilla sur le canapé.,"Le <MASK> orange, avec sa fourrure épaisse, se blottit confortablement sur le canapé moelleux, ronronnant alors qu'il s'endormit."
244,coin,coin,FALSE COGNATE,N,He found a rare <MASK> in the park.,"The ancient Roman <MASK>, inscribed with the image of the emperor, was discovered during the archaeological dig.",Elle attendit dans le <MASK> de la pièce.,"Cachée dans le <MASK> faiblement éclairé, elle observait la pièce, observant chaque interaction sans attirer l'attention."
245,courtier,courtier,FALSE COGNATE,N,The <MASK> wore fancy clothes.,"The <MASK>, dressed in elaborate attire, bowed deeply before the king, seeking favor and influence in the royal court.",Le <MASK> l'a conseillé sur ses investissements.,"Le <MASK> chevronné lui a offert des conseils stratégiques, le guidant avec expertise dans chaque décision d'investissement."
246,dent,dent,FALSE COGNATE,N,There was a <MASK> in the car door.,A noticeable <MASK> in the car door indicated it had been involved in a minor accident.,Il a ressenti une douleur dans son <MASK> après avoir mangé des bonbons.,"Une douleur aiguë traversa son <MASK> alors qu'il mordait, un rappel clair de planifier ce rendez-vous chez le dentiste en retard."
247,destitution,destitution,FALSE COGNATE,N,Many people faced <MASK> after the storm.,"Following the devastating flood, many families faced <MASK>, struggling to find food and shelter.",Son <MASK> du travail a surpris tout le monde.,"Le brusque <MASK> de son travail l'a laissée abasourdie, la forçant à repenser ses plans et à rechercher rapidement de nouvelles opportunités."
248,dot,dot,FALSE COGNATE,N,There was a tiny <MASK> on the paper.,"A tiny <MASK> on the paper caught her attention, a reminder of the importance of detail in her work.",Sa famille a fourni un généreux <MASK>.,"Le généreux <MASK> comprenait un ensemble de bijoux d'héritage, transmis de génération en génération, symbolisant un riche héritage familial."
249,mare,mare,FALSE COGNATE,N,The <MASK> ran gracefully across the field.,"The beautiful <MASK> galloped gracefully across the field, showcasing her strength and elegance.",Les canards nageaient dans le <MASK>.,Le calme <MASK> reflétait le ciel bleu tandis que les canards pagayaient gracieusement sur la surface de l'eau.
250,pain,pain,FALSE COGNATE,N,<MASK> can be hard to ignore sometimes.,"After lifting the heavy box, he felt a sharp <MASK> in his back that lingered throughout the day.",Elle a coupé du <MASK> pour le petit-déjeuner.,"Le pain frais de <MASK>, encore chaud du four, dégageait un arôme invitant lorsqu'elle le coupait."
251,basket,basket,FALSE COGNATE,N,She placed the fruit in a <MASK>.,"She carefully arranged the apples and oranges in a <MASK>, ready to take them to the market.",Il a marqué des points dans <MASK> pendant le match.,"Sa taille et ses capacités de dribble sur le terrain lui ont permis de marquer plusieurs points, assurant ainsi l’avance de son équipe dans le match <MASK>."
252,dais,dais,FALSE COGNATE,N,The speaker stood on the <MASK>.,"The prominent speaker stood confidently on the <MASK>, ready to deliver an inspiring message to the audience.",Le <MASK> fournissait de l'ombre lors de la chaude journée.,"Le grand <MASK> s'étendait sur le jardin, projetant une ombre fraîche qui offrait un soulagement à la chaleur étouffante."
253,gaze,gaze,FALSE COGNATE,N,Her <MASK> was fixed on the horizon.,"As she stood by the window, her <MASK> was fixed on the horizon, lost in thoughts of the future.",Elle a enveloppé la blessure avec <MASK>.,"Le <MASK> stérile recouvrait la plaie, la protégeant soigneusement tout en facilitant le processus de guérison."
254,foot,foot,FALSE COGNATE,N,I found a small cut on my <MASK>.,"In a moment of clumsiness, he accidentally stepped on his friend's <MASK>, causing a brief moment of surprise.",Ils ont joué à <MASK> dans le parc.,"Avec des passes rapides et des coups de pied puissants, le groupe s'est engagé dans un jeu intense de <MASK> sur le terrain herbeux."
255,chair,chair,FALSE COGNATE,N,The <MASK> creaked as he sat down.,"The old wooden <MASK> creaked ominously as he settled into it, a reminder of its age and wear.",Elle avait une coupure sur son <MASK> à cause de l'épine.,"Le <MASK> sous la peau peut se guérir tout seul, mais les plaies plus profondes peuvent nécessiter des soins médicaux pour prévenir l'infection."
256,vent,vent,FALSE COGNATE,N,She opened the <MASK> to let in fresh air.,"To improve circulation, she opened the <MASK> near the ceiling, allowing fresh air to flow into the stuffy room.",Le <MASK> bruissait à travers les arbres.,"Le doux <MASK> remuait les feuilles d'automne, envoyant un doux bruissement dans l'air calme du soir."
257,tour,tour,FALSE COGNATE,N,They planned a <MASK> of the city.,"Excited about their trip, they planned an extensive <MASK> of the city to see all the major attractions.",Le <MASK> se dressait haut au loin.,"S'élevant majestueusement au-dessus de l'horizon, l'ancienne pierre <MASK> avait résisté à des siècles de temps et d'histoire."
258,son,son,FALSE COGNATE,N,His <MASK> is learning to ride a bike.,"Her <MASK> is eagerly learning to ride a bike, his laughter filling the air as he pedals down the street.",Le <MASK> était très bruyant.,Le <MASK> des vagues frappant les rochers constituait une toile de fond constante et apaisante pour le paysage côtier.
259,ride,ride,FALSE COGNATE,N,We took a scenic <MASK> through the countryside.,"The thrilling amusement park <MASK> left them breathless, screaming in excitement as they soared through the air.",Elle remarqua un <MASK> sur son front.,"Un fin <MASK> apparut au coin de ses yeux, marquant des années de rire et de vie."
260,pin,pin,FALSE COGNATE,N,She used a <MASK> to hold the fabric together.,"A simple <MASK> helped hold the fabric together while she worked on her sewing project, making her task much easier.",Le <MASK> se tenait haut au bord du lac.,"Dominant le lac, le vieux <MASK> s'élevait vers le ciel, ses aiguilles chuchotant dans la brise."
261,sensible,sensible,FALSE COGNATE,ADJ,Her solution was quite <MASK>.,"Her approach to the problem was remarkably <MASK>, taking into account all factors and potential outcomes.",Elle a une nature très <MASK>.,Son approche <MASK> en matière de feedback a fait d'elle une confidente de confiance parmi ses collègues.
262,usable,usable,FALSE COGNATE,ADJ,The tool is <MASK> after repairs.,"After a few quick repairs, the tool is now fully <MASK>, ready to assist in various tasks.",Ces chaussures semblent être <MASK>.,"À chaque pas, ses baskets <MASK> craquaient, montrant des signes de leur utilisation constante."
263,truculent,truculent,FALSE COGNATE,ADJ,His <MASK> behavior worried everyone.,His <MASK> behavior during the meeting raised concerns among his colleagues about his ability to collaborate effectively.,Il a préféré garder sa critique <MASK> et directe.,"Il a exprimé ses pensées avec <MASK> honnêteté, ne laissant aucune place à l'ambiguïté dans son message."
264,trivial,trivial,FALSE COGNATE,ADJ,The topic was considered <MASK> by most.,"Most people regarded the topic as <MASK>, yet it held significance in a broader context that deserved attention.",Son humour était parfois un peu <MASK>.,"Ses blagues, s’écartant souvent du territoire <MASK>, ne plaisaient pas toujours à tout le monde."
265,affluent,affluent,FALSE COGNATE,ADJ,She comes from an <MASK> background.,"Growing up in an <MASK> neighborhood, she enjoyed many privileges that shaped her opportunities in life.",La rivière est un <MASK> du plus grand ruisseau.,"Courant à travers la vallée, la rivière agit comme un <MASK> pour l'immense lac, l'alimentant en eau fraîche de montagne."
266,fat,fat,FALSE COGNATE,ADJ,The dog was quite <MASK>.,"The <MASK> dog waddled down the street, clearly enjoying his life of leisure and plenty of treats.",Son attitude était très <MASK>.,"Avec un sourire <MASK>, il balaya les opinions des autres, clairement convaincu de sa propre supériorité."
267,impotent,impotent,FALSE COGNATE,ADJ,He felt <MASK> in the situation.,"Faced with overwhelming odds, he felt utterly <MASK>, unable to influence the outcome despite his best efforts.",L'oiseau blessé est apparu <MASK>.,"L'oiseau <MASK> avait du mal à bouger, son aile cassée pendait mollement."
268,inhabitable,inhabitable,FALSE COGNATE,ADJ,The house was <MASK> after the storm.,"After the storm, the damage rendered the house <MASK>, forcing the family to seek temporary shelter elsewhere.",Cette zone est considérée comme <MASK> par le gouvernement.,Le paysage toxique a rendu la vallée autrefois prospère complètement <MASK>.
269,instant,instant,FALSE COGNATE,ADJ,She wanted <MASK> results from the project.,"Frustrated by the slow progress, she demanded <MASK> results from the project, eager to see immediate outcomes.",Il a un besoin de <MASK> pour terminer ce projet.,"La nature <MASK> de son employeur l'a poussée à travailler de longues nuits, déterminée à respecter les délais du projet."
270,rentable,rentable,FALSE COGNATE,ADJ,The property is <MASK> during the summer.,"Due to its prime location, the property is <MASK> during the summer months, attracting many tourists.",Cette affaire pourrait être très <MASK>.,"Sur le bon marché, cette entreprise a le potentiel d'être extrêmement <MASK>."
271,rogue,rogue,FALSE COGNATE,ADJ,He had a <MASK> personality.,"Known for his unpredictable nature, he had a <MASK> personality that made him both intriguing and difficult to handle.",Il était considéré comme <MASK> par ses pairs.,"Son ton <MASK>, rejetant les idées de tout le monde sauf la sienne, a creusé un fossé entre lui et ses collègues."
272,versatile,versatile,FALSE COGNATE,ADJ,The tool is quite <MASK>.,"This tool is remarkably <MASK>, capable of performing multiple functions with ease.",Ses opinions sont souvent <MASK>.,"Connue pour sa position <MASK> sur les problèmes, elle défendrait une cause aujourd'hui pour l'abandonner demain."
273,formidable,formidable,FALSE COGNATE,ADJ,The opponent was <MASK>.,"Facing a <MASK> opponent in the finals, the team prepared meticulously to increase their chances of success.",Le paysage était vraiment <MASK>.,"Avec des sommets imposants et des lacs étincelants, la beauté <MASK> du paysage a laissé une impression durable sur les visiteurs."
274,large,large,FALSE COGNATE,ADJ,They live in a <MASK> house in the suburbs.,The <MASK> conference room comfortably accommodated all the attendees for the meeting.,La route était longue et <MASK>.,"L'autoroute <MASK> s'étendait sans fin devant eux, bordée d'arbres qui ombrageaient leur voyage."
275,rude,rude,FALSE COGNATE,ADJ,His comments were often <MASK>.,"His <MASK> remarks during discussions alienated him from his peers, making collaboration difficult.",C'était un hiver <MASK> pour tout le monde.,"L'hiver <MASK> a apporté des tempêtes incessantes et des vents violents, mettant à l'épreuve l'endurance du petit village isolé."
276,pleasant,plaisant,FALSE COGNATE,ADJ,The weather was <MASK> for a picnic.,"The <MASK> weather made it an ideal day for a picnic in the park, filled with laughter and sunshine.",Son histoire était <MASK> pour tout le monde.,"Ses histoires <MASK> ont fait rire tout le dîner jusque tard dans la nuit, mettant même les invités les plus calmes à l'aise."
277,secular,séculaire,FALSE COGNATE,ADJ,The event was entirely <MASK>.,The <MASK> nature of the event allowed people of all beliefs to participate without any religious affiliations.,La ville a célébré son anniversaire <MASK>.,"Lors d'une grande célébration, la ville a célébré son anniversaire <MASK>, honorant ainsi cent ans d'histoire et de tradition."
278,billion,billion,FALSE COGNATE,ADJ,The budget was set at a <MASK> dollars.,"The project received an astounding budget of a <MASK> dollars, enabling extensive development and research.",Le trésor valait un <MASK> dans la monnaie d’aujourd’hui.,"En astronomie, de vastes télescopes nous permettent d'observer des galaxies contenant des étoiles <MASK>, élargissant ainsi notre compréhension du cosmos."
279,purple,pourpre,FALSE COGNATE,ADJ,The dress was a lovely shade of <MASK>.,"The sky deepened into a <MASK> twilight, casting a mysterious glow over the landscape.",Les roses étaient d’une riche couleur <MASK>.,"Avec des pétales d’un <MASK> profond, les roses se détachaient vivement sur les feuilles vertes, attirant le regard de tous les passants."
280,ravishing,ravi,FALSE COGNATE,ADJ,She looked <MASK> in her dress.,Her dress clung to her with an elegance so <MASK> that it captivated everyone in the room.,Elle était <MASK> pour voir son amie.,"<MASK> par surprise, son visage s'éclaira alors qu'elle serrait dans ses bras son amie perdue depuis tant d'années."