ID,en,es,type,lexical_category,low_en,high_en,low_es,high_es
1,nature,naturaleza,COGNATE,N,She opened the book and read about the fascinating world of <MASK>.,"They spent the weekend hiking and camping, enjoying the beauty of untouched <MASK>.",Abrió el libro y leyó sobre el fascinante mundo de <MASK>.,"Pasaron el fin de semana caminando y acampando, disfrutando de la belleza de la <MASK> intacta."
2,culture,cultura,COGNATE,N,He’s been reading a lot about <MASK> lately in his free time.,The festival is a celebration of the region’s rich <MASK> and traditions.,Últimamente ha estado leyendo mucho sobre <MASK> en su tiempo libre.,El festival es una celebración de la rica <MASK> y las tradiciones de la región.
3,restaurant,restaurante,COGNATE,N,They were thinking about opening a <MASK> in the city.,"After a long day at work, they decided to have dinner at their favorite Italian <MASK>.",Estaban pensando en abrir una <MASK> en la ciudad.,"Después de un largo día de trabajo, decidieron cenar en su <MASK> italiano favorito."
4,traffic,tráfico,COGNATE,N,He always gets frustrated by the morning <MASK>.,The rush hour <MASK> was so bad that it took an extra hour to get home.,Siempre se siente frustrado por la <MASK> matutina.,La hora pico <MASK> era tan mala que tomó una hora más llegar a casa.
5,tourist,turista,COGNATE,N,"When traveling, it’s easy to spot a <MASK> in the crowd.","The <MASK> asked for directions to the museum, which was the most popular attraction in town.","Cuando viajas, es fácil detectar una <MASK> entre la multitud.","La <MASK> preguntó cómo llegar al museo, que era la atracción más popular de la ciudad."
6,salary,salario,COGNATE,N,He was unsure if the <MASK> would be enough to cover all expenses. ,She was excited when she learned that the new job came with a higher <MASK> than she expected.,No estaba seguro de si la <MASK> sería suficiente para cubrir todos los gastos.,Se emocionó cuando supo que el nuevo trabajo incluía una <MASK> más alta de lo que esperaba.
7,soup,sopa,COGNATE,N,He asked if there was any <MASK> on the menu for lunch.,She made a hot bowl of <MASK> to warm herself on the cold winter day.,Preguntó si había alguna <MASK> en el menú para el almuerzo.,Preparó un plato caliente de <MASK> para calentarse en el frío día de invierno.
8,artist,artista,COGNATE,N,The gallery had a new <MASK> exhibiting work that was very abstract.,The <MASK> spent hours perfecting the details of his latest painting in the studio.,La galería tenía una nueva obra de exhibición <MASK> que era muy abstracta.,La <MASK> pasó horas perfeccionando los detalles de su último cuadro en el estudio.
9,vocabulary,vocabulario,COGNATE,N,They discussed how children develop their <MASK> as they grow.,His <MASK> improved significantly after reading so many classic novels.,Hablaron de cómo los niños desarrollan su <MASK> a medida que crecen.,Su <MASK> mejoró significativamente después de leer tantas novelas clásicas.
10,poet,poeta,COGNATE,N,He dreams of becoming a successful <MASK> one day.,The <MASK> recited her most famous work to a captivated audience at the book fair.,Sueña con convertirse en un <MASK> exitoso algún día.,La <MASK> recitó su obra más famosa ante un público cautivado en la feria del libro.
11,secretary,secretario,COGNATE,N,He worked as a <MASK> at the law firm for many years.,The <MASK> quickly organized the files and scheduled all the appointments for the day.,Trabajó como <MASK> en el bufete de abogados durante muchos años.,La <MASK> organizó rápidamente los archivos y programó todas las citas del día.
12,action,acción,COGNATE,N,They spoke about the importance of <MASK> in bringing about change.,"In response to the crisis, the government took immediate <MASK> to address the problem.",Hablaron sobre la importancia de <MASK> para lograr el cambio.,"En respuesta a la crisis, el gobierno tomó una <MASK> inmediata para abordar el problema."
13,interpretation,interpretación,COGNATE,N,There are many ways to offer an <MASK> of a complex issue.,His <MASK> of the novel's ending was very different from what others had imagined.,Hay muchas maneras de ofrecer una <MASK> de un tema complejo.,Su <MASK> del final de la novela era muy diferente de lo que otros habían imaginado.
14,collection,collección,COGNATE,N,He has been working on his personal <MASK> for years.,Her stamp <MASK> includes rare pieces from all around the world.,Ha estado trabajando en su <MASK> personal durante años.,Su sello <MASK> incluye piezas raras de todo el mundo.
15,attention,atención,COGNATE,N,The teacher asked for the students’ <MASK> before beginning the lesson.,The speaker’s powerful words immediately captured the <MASK> of the entire audience.,El profesor pidió la <MASK> de los estudiantes antes de comenzar la lección.,Las poderosas palabras del orador capturaron inmediatamente la <MASK> de toda la audiencia.
16,blouse,blusa,COGNATE,N,He noticed a colorful <MASK> in the store window.,"She wore a silk <MASK> to the formal dinner, pairing it with a stylish skirt.",Notó una <MASK> colorida en el escaparate de la tienda.,"Llevó una <MASK> de seda para la cena formal, combinándola con una falda elegante."
17,technology,tecnología,COGNATE,N,His interest in <MASK> began when he was just a child.,The rapid development of <MASK> has transformed the way people communicate in the modern world.,Su interés por <MASK> comenzó cuando era sólo un niño.,El rápido desarrollo de <MASK> ha transformado la forma en que las personas se comunican en el mundo moderno.
18,chemistry,química,COGNATE,N,She’s always been fascinated by <MASK>.,The <MASK> between the two lead actors in the film made the love story believable.,Siempre ha estado fascinada por <MASK>.,La <MASK> entre los dos actores principales de la película hizo creíble la historia de amor.
19,geography,geografía,COGNATE,N,"He had an extensive knowledge of <MASK> , especially when it came to mountain ranges.",The detailed <MASK> of the region made it challenging for explorers to navigate the dense forests and high mountains.,"Tenía un amplio conocimiento de <MASK>, especialmente cuando se trataba de cadenas montañosas.",La <MASK> detallada de la región dificultaba a los exploradores navegar por los densos bosques y las altas montañas.
20,tragedy,tragedía,COGNATE,N,Many people view the event as a terrible <MASK> that could have been prevented.,The play was a <MASK> that told the heartbreaking story of a hero's downfall.,Mucha gente ve el evento como una <MASK> terrible que podría haberse evitado.,La obra era una <MASK> que contaba la desgarradora historia de la caída de un héroe.
21,lottery,loteria,COGNATE,N,He played the <MASK> every week but never won.,She was shocked when she realized she had won the million-dollar <MASK> jackpot.,Jugó la <MASK> todas las semanas pero nunca ganó.,Se sorprendió cuando se dio cuenta de que había ganado el premio mayor de <MASK> de un millón de dólares.
22,yogurt,yogur,COGNATE,N,He grabbed a container of <MASK> from the fridge for breakfast.,She added some granola and berries to her plain <MASK> for a healthy snack.,Tomó un recipiente de <MASK> del refrigerador para desayunar.,Agregó un poco de granola y bayas a su <MASK> simple para obtener un refrigerio saludable.
23,baby,bebé,COGNATE,N,They heard the <MASK> laughing in the next room.,The <MASK> took its first steps as the parents watched in awe.,Escucharon a la <MASK> reírse en la habitación de al lado.,La <MASK> dio sus primeros pasos mientras los padres observaban con asombro.
24,class,clase,COGNATE,N,The professor extended the <MASK> today.,The chemistry <MASK> was so difficult that many students struggled to pass the final exam.,El profesor extendió la <MASK> hoy.,La <MASK> de química fue tan difícil que muchos estudiantes tuvieron dificultades para aprobar el examen final.
25,gender,género,COGNATE,N,The topic of <MASK> was discussed in the sociology lecture.,The survey asked participants to identify their <MASK> for demographic purposes.,El tema de <MASK> se discutió en la conferencia de sociología.,La encuesta pidió a los participantes que identificaran su <MASK> con fines demográficos.
26,mountain,montaña,COGNATE,N,He loved nature and being close to the <MASK>.,They reached the summit of the tallest <MASK> in the region after hours of climbing.,Amaba la naturaleza y estar cerca de la <MASK>.,Llegaron a la cima de la <MASK> más alta de la región después de horas de escalada.
27,volcano,volcán,COGNATE,N,The <MASK> had been dormant for decades.,"The <MASK> erupted suddenly, sending ash and lava into the sky.",La <MASK> había estado inactiva durante décadas.,"La <MASK> estalló repentinamente, enviando cenizas y lava al cielo."
28,ocean,océano,COGNATE,N,He enjoyed watching documentaries about the <MASK>.,The deep-sea exploration revealed creatures never before seen in the <MASK>.,Disfrutaba viendo documentales sobre la <MASK>.,La exploración de las profundidades marinas reveló criaturas nunca antes vistas en la <MASK>.
29,capacity,capacidad,COGNATE,N,The theater had a large <MASK> for hosting concerts.,"The bus reached full <MASK>, so no more passengers could board.",El teatro tenía una gran <MASK> para albergar conciertos.,"El autobús alcanzó <MASK> lleno, por lo que no pudieron subir más pasajeros."
30,article,artículo,COGNATE,N,She read an interesting <MASK> in the magazine.,The <MASK> provided an in-depth analysis of the economic impact of the new policy.,Leyó una <MASK> interesante en la revista.,La <MASK> proporcionó un análisis en profundidad del impacto económico de la nueva política.
31,cause,causa,COGNATE,N,They didn't know the <MASK> of the power outage.,The charity event was organized to support a noble <MASK>—helping children in need.,No conocían la <MASK> del corte de energía.,El evento benéfico se organizó para apoyar una noble <MASK>: ayudar a los niños necesitados.
32,flower,flor,COGNATE,N,She picked a <MASK> from the garden.,The bride held a bouquet of her favorite <MASK> as she walked down the aisle.,Ella escogió una <MASK> del jardín.,La novia sostenía un ramo de su <MASK> favorita mientras caminaba por el pasillo.
33,lemonade,limonada,COGNATE,N,He ordered a glass of <MASK> at the café.,"After a long day in the sun, nothing refreshed him like a cold glass of <MASK>.",Pidió un vaso de <MASK> en el café.,"Después de un largo día bajo el sol, nada lo refrescaba como un vaso frío de <MASK>."
34,computer,computadora,COGNATE,N,He used his <MASK> to watch movies.,Her new <MASK> was fast enough to handle advanced video editing software.,Usó su <MASK> para ver películas.,Su nueva <MASK> era lo suficientemente rápida como para manejar software avanzado de edición de video.
35,pear,pera,COGNATE,N,She grabbed a ripe <MASK> from the fruit bowl.,The salad recipe called for a thinly sliced green <MASK> to add a sweet contrast to the tangy dressing.,Agarró una <MASK> madura del frutero.,La receta de la ensalada requería una <MASK> verde en rodajas finas para agregar un contraste dulce al aderezo picante.
36,fruit,fruta,COGNATE,N,The market had a variety of fresh <MASK> for sale.,The tropical <MASK> they tried on their vacation was unlike anything they'd ever tasted.,El mercado tenía a la venta una variedad de <MASK> fresca.,La <MASK> tropical que probaron en sus vacaciones no se parecía a nada que hubieran probado jamás.
37,vegetable,vegetal,COGNATE,N,She sliced the <MASK> evenly for her meal.,"The colorful <MASK> display at the market included peppers, tomatoes, and cucumbers.",Cortó la <MASK> de manera uniforme para su comida.,"La colorida exhibición de <MASK> en el mercado incluía pimientos, tomates y pepinos."
38,paradise,paraíso,COGNATE,N,The island felt like <MASK> with its pristine beaches.,The remote beach with clear turquoise water was truly a tropical <MASK>.,La isla parecía <MASK> con sus playas vírgenes.,La playa remota con aguas cristalinas de color turquesa era verdaderamente una <MASK> tropical.
39,problem,problema,COGNATE,N,They tried to fix the <MASK> quickly.,The biggest <MASK> with the new software was its frequent crashes and glitches.,Intentaron arreglar la <MASK> rápidamente.,La mayor <MASK> del nuevo software fueron sus frecuentes fallos y fallos.
40,bicycle,bicicleta,COGNATE,N,He took his <MASK> to go to the park.,"The rusty <MASK> had a flat tire, making it impossible to ride.",Tomó su <MASK> para ir al parque.,"La <MASK> oxidada tenía una rueda pinchada, lo que hacía imposible conducirla."
41,album,álbum,COGNATE,N,She listened to the <MASK> while working on her project.,Her favorite song from the <MASK> was the one that reached number one on the charts.,Escuchó la <MASK> mientras trabajaba en su proyecto.,Su canción favorita de <MASK> fue la que alcanzó el número uno en las listas.
42,apartment,apartamento,COGNATE,N,They just moved into a new <MASK>.,The spacious <MASK> had a balcony overlooking the city skyline.,Acaban de mudarse a una nueva <MASK>.,La espaciosa <MASK> tenía un balcón con vista al horizonte de la ciudad.
43,appetite,apetito,COGNATE,N,"After the long hike, his <MASK> had increased.",Her <MASK> was enormous after skipping lunch and going for a five-mile run.,"Después de la larga caminata, su <MASK> había aumentado.",Su <MASK> era enorme después de saltarse el almuerzo y salir a correr cinco millas.
44,bar,bar,COGNATE,N,They went to the <MASK> after work.,The bartender at the local <MASK> made the best cocktails in town.,Fueron a la <MASK> después del trabajo.,El barman del <MASK> local preparaba los mejores cócteles de la ciudad.
45,bulletin,boletín,COGNATE,N,The university sent out a <MASK> with the latest news.,The <MASK> board was filled with announcements for upcoming events and activities.,La universidad envió una <MASK> con las últimas novedades.,El tablero de <MASK> estaba lleno de anuncios de próximos eventos y actividades.
46,button,botón,COGNATE,N,She pressed the <MASK> to start the machine.,The elevator wouldn't move until she pushed the correct floor <MASK>.,Presionó la <MASK> para iniciar la máquina.,El ascensor no se movería hasta que ella empujara el piso correcto <MASK>.
47,bracelet,brazalete,COGNATE,N,She wore a gold <MASK> on her wrist.,The <MASK> was a family heirloom passed down from her grandmother.,Llevaba una <MASK> dorada en su muñeca.,La <MASK> era una reliquia familiar heredada de su abuela.
48,career,carrera,COGNATE,N,He pursued a <MASK> in law.,Her <MASK> as a surgeon required years of intense training and education.,Persiguió una <MASK> en la ley.,Su <MASK> como cirujana requirió años de intensa formación y educación.
49,cement,cemento,COGNATE,N,They used <MASK> to patch the cracks on the sidewalk.,"The sidewalk was paved with fresh <MASK>, still wet and smooth.",Usaron <MASK> para reparar las grietas de la acera.,"La acera estaba pavimentada con <MASK> fresca, todavía húmeda y lisa."
50,disaster,desastre,COGNATE,N,They feared the storm would turn into a <MASK>.,"The hurricane caused widespread <MASK>, destroying homes and displacing thousands.",Temían que la tormenta se convirtiera en una <MASK>.,"El huracán causó <MASK> generalizada, destruyendo hogares y desplazando a miles de personas."
51,banana,banana,COGNATE,N,He packed a <MASK> in his lunchbox.,The ripe <MASK> was the perfect snack to fuel his morning run.,Empacó una <MASK> en su lonchera.,La <MASK> madura era el refrigerio perfecto para alimentar su carrera matutina.
52,explosion,explosión,COGNATE,N,The loud <MASK> could be heard from miles away.,The factory <MASK> caused significant damage to the surrounding area.,La fuerte <MASK> se podía escuchar a kilómetros de distancia.,La fábrica <MASK> causó daños importantes a los alrededores.
53,elephant,elefante,COGNATE,N,They saw an <MASK> at the zoo.,The large <MASK> used its trunk to grab food and water at the nature reserve.,Vieron una <MASK> en el zoológico.,La gran <MASK> usó su trompa para agarrar comida y agua en la reserva natural.
54,palace,palacio,COGNATE,N,They visited a historic <MASK> during their vacation.,The royal family lived in the grand <MASK> that overlooked the city.,Visitaron una <MASK> histórica durante sus vacaciones.,La familia real vivía en la gran <MASK> que dominaba la ciudad.
55,plate,plato,COGNATE,N,She placed the food on the <MASK>.,The decorative <MASK> was part of a fine china set used for special occasions.,Colocó la comida en la <MASK>.,La <MASK> decorativa formaba parte de un juego de porcelana fina utilizado para ocasiones especiales.
56,rock,roca,COGNATE,N,He threw the <MASK> into the river.,"The climbers carefully climbed the <MASK>, using only their hands and feet for support.",Arrojó la <MASK> al río.,"Los escaladores subieron con cuidado a la <MASK>, usando solo sus manos y pies como apoyo."
57,sofa,sofá,COGNATE,N,They bought a new <MASK> for the living room.,The plush <MASK> was so comfortable that they fell asleep on it while watching TV.,Compraron una nueva <MASK> para la sala.,La lujosa <MASK> era tan cómoda que se quedaron dormidos mientras miraban televisión.
58,catastrophe,catástrofe,COGNATE,N,The incident could have been a <MASK> if help hadn't arrived on time.,The earthquake was a natural <MASK> that left thousands homeless.,El incidente podría haber sido una <MASK> si la ayuda no hubiera llegado a tiempo.,El terremoto fue una <MASK> natural que dejó a miles de personas sin hogar.
59,chimney,chimenea,COGNATE,N,Thick smoke was rising from the <MASK>.,The old brick <MASK> was cleaned in preparation for winter.,Un humo espeso se elevaba desde la <MASK>.,El viejo ladrillo <MASK> se limpió en preparación para el invierno.
60,biography,biografía,COGNATE,N,She enjoyed reading the <MASK> of famous historical figures.,The <MASK> of the president offered new insights into his early life.,Le gustaba leer la <MASK> de personajes históricos famosos.,La <MASK> del presidente ofreció nuevos conocimientos sobre sus primeros años de vida.
61,autograph,autógrafo,COGNATE,N,He asked for her <MASK> after the performance.,The celebrity gave her <MASK> to every fan waiting outside the theater.,Le pidió su <MASK> después de la actuación.,La celebridad entregó su <MASK> a todos los fanáticos que esperaban afuera del teatro.
62,discrimination,discriminación,COGNATE,N,They had a conversation about <MASK> in the workplace.,The company implemented new policies to prevent <MASK> against minority groups.,Tuvieron una conversación sobre <MASK> en el lugar de trabajo.,La empresa implementó nuevas políticas para prevenir <MASK> contra grupos minoritarios.
63,family,familia,COGNATE,N,They spent the weekend visiting their <MASK> in the countryside.,"The <MASK> gathered around the dinner table, sharing stories and laughter during the holiday meal.",Pasaron el fin de semana visitando su <MASK> en el campo.,"La <MASK> se reunió alrededor de la mesa, compartiendo historias y risas durante la comida navideña."
64,identification,identificación,COGNATE,N,He showed his <MASK> at the front desk.,The security guard requested a valid form of <MASK> before letting them in.,Mostró su <MASK> en la recepción.,El guardia de seguridad solicitó una forma válida de <MASK> antes de dejarlos entrar.
65,information,información,COGNATE,N,She found the <MASK> she needed online.,The guidebook was full of useful <MASK> about local attractions and restaurants.,Encontró la <MASK> que necesitaba en línea.,La guía estaba llena de <MASK> útiles sobre atracciones y restaurantes locales.
66,hospital,hospital,COGNATE,N,She visited the <MASK> for a routine check-up. ,The <MASK> was equipped with state-of-the-art technology for critical surgeries.,Visitó la <MASK> para un chequeo de rutina.,La <MASK> estaba equipada con tecnología de última generación para cirugías críticas.
67,hotel,hotel,COGNATE,N,They stayed at a fancy <MASK> near the beach.,The luxurious <MASK> offered room service and had a stunning view of the ocean.,Se alojaron en una lujosa <MASK> cerca de la playa.,El lujoso <MASK> ofrecía servicio de habitaciones y tenía una vista impresionante del océano.
68,map,mapa,COGNATE,N,He used a <MASK> to find his way through the city.,The treasure hunters followed an ancient <MASK> that led them to hidden riches.,Usó una <MASK> para encontrar su camino a través de la ciudad.,Los cazadores de tesoros siguieron una antigua <MASK> que los llevó a riquezas ocultas.
69,medal,medalla,COGNATE,N,He received a <MASK> for participating in the race.,The athlete proudly wore his <MASK> during the award ceremony.,Recibió una <MASK> por participar en la carrera.,El atleta lució con orgullo su <MASK> durante la ceremonia de premiación.
70,magic,magia,COGNATE,N,The kids were fascinated by the <MASK> tricks at the birthday party.,"The wizard waved his wand, and with a burst of <MASK>, the once barren land turned into a lush, green forest.",Los niños quedaron fascinados con los trucos de <MASK> en la fiesta de cumpleaños.,"El mago agitó su varita y con un estallido de <MASK>, la tierra que alguna vez fue árida se convirtió en un bosque verde y exuberante."
71,disinterested,desinteresado,COGNATE,ADJ,He seemed <MASK> during the lecture.,"The teacher was <MASK> in the students' arguments, focusing solely on the subject matter.",Parecía <MASK> durante la conferencia.,"El profesor era <MASK> en los argumentos de los estudiantes, centrándose únicamente en el tema."
72,economic,económico,COGNATE,ADJ,The <MASK> report highlighted recent trends.,The <MASK> downturn affected many small businesses across the country.,El informe <MASK> destacó las tendencias recientes.,La crisis de <MASK> afectó a muchas pequeñas empresas en todo el país.
73,exact,exacto,COGNATE,ADJ,She was not sure about the <MASK> location of the meeting.,The scientist measured the <MASK> temperature needed for the experiment to succeed.,No estaba segura de la ubicación <MASK> de la reunión.,El científico midió la temperatura de la <MASK> necesaria para que el experimento tuviera éxito.
74,excited,excitado,COGNATE,ADJ,They were <MASK> about the upcoming concert.,The children were <MASK> when they learned they would be visiting the zoo.,Estaban <MASK> sobre el próximo concierto.,Los niños eran <MASK> cuando supieron que visitarían el zoológico.
75,exclusive,exclusivo,COGNATE,ADJ,The club offered <MASK> memberships.,The resort features <MASK> amenities for its high-paying guests.,El club ofrecía membresías <MASK>.,El complejo cuenta con comodidades <MASK> para sus huéspedes que pagan mucho.
76,false ,falso,COGNATE,ADJ,He made a <MASK> claim about his qualifications.,The detective uncovered <MASK> evidence that led the investigation astray.,Hizo un reclamo <MASK> sobre sus calificaciones.,El detective descubrió evidencia de <MASK> que desvió la investigación.
77,innocent,inocente,COGNATE,ADJ,The child looked <MASK> as she played with her toys.,"The <MASK> puppy wagged its tail, unaware of the trouble it had caused.",La niña parecía <MASK> mientras jugaba con sus juguetes.,"El cachorro <MASK> meneó la cola, sin darse cuenta del problema que había causado."
78,delicate,delicado,COGNATE,ADJ,The <MASK> fabric required special care when washing.,The <MASK> petals of the flower were easily damaged by the wind.,El tejido <MASK> requería especial cuidado al lavarlo.,Los pétalos de la <MASK> de la flor fueron fácilmente dañados por el viento.
79,simple,simple,COGNATE,ADJ,The instructions were very <MASK> to follow.,She preferred a <MASK> lifestyle that avoided unnecessary complications.,Las instrucciones eran muy <MASK> de seguir.,Prefería un estilo de vida <MASK> que evitaba complicaciones innecesarias.
80,invisible,invisible,COGNATE,ADJ,The outline was <MASK> under the paint.,The magician made the <MASK> ink appear with a special light.,El contorno era <MASK> debajo de la pintura.,El mago hizo aparecer la tinta <MASK> con una luz especial.
81,responsible,responsable,COGNATE,ADJ,He was <MASK> for managing the team’s schedule.,"As the <MASK> adult, she ensured everyone got home safely after the party.",Él era <MASK> para gestionar el calendario del equipo.,"Como <MASK> adulta, se aseguró de que todos llegaran sanos y salvos a casa después de la fiesta."
82,adorable,adorable,COGNATE,ADJ,The puppy was so <MASK> that everyone wanted to take it home.,The child’s <MASK> smile melted the hearts of everyone in the room.,El cachorro era tan <MASK> que todos querían llevárselo a casa.,La sonrisa <MASK> del niño derritió los corazones de todos en la sala.
83,experimental,experimental,COGNATE,ADJ,The researchers conducted an <MASK> study to test the hypothesis.,The <MASK> design aimed to find new ways to treat the disease.,Los investigadores realizaron un estudio <MASK> para probar la hipótesis.,El diseño de <MASK> tenía como objetivo encontrar nuevas formas de tratar la enfermedad.
84,original,original,COGNATE,ADJ,The artist created an <MASK> piece that shocked critics.,His <MASK> idea revolutionized the way people viewed modern art.,El artista creó una pieza <MASK> que sorprendió a los críticos.,Su idea <MASK> revolucionó la forma en que la gente veía el arte moderno.
85,interesting,interesante,COGNATE,ADJ,The book was so <MASK> that she couldn’t put it down.,The lecture covered <MASK> topics that engaged the students throughout.,El libro era tan <MASK> que no podía dejarlo.,La conferencia cubrió temas de <MASK> que involucraron a los estudiantes en todo momento.
86,miniature,miniatura,COGNATE,ADJ,He built a <MASK> model of the city for the project.,The <MASK> train set was carefully designed to replicate the real thing.,Construyó un modelo <MASK> de la ciudad para el proyecto.,El conjunto de trenes <MASK> fue cuidadosamente diseñado para replicar el modelo real.
87,professional,profesional,COGNATE,ADJ,She always maintained a <MASK> demeanor in the office.,His <MASK> attitude made him a respected leader among his peers.,Ella siempre mantuvo una conducta <MASK> en la oficina.,Su actitud <MASK> lo convirtió en un líder respetado entre sus compañeros.
88,allergic,alérgico,COGNATE,ADJ,He discovered he was <MASK> to peanuts.,The <MASK> reaction left her with hives and difficulty breathing.,Descubrió que era <MASK> hasta los cacahuetes.,La reacción de <MASK> la dejó con urticaria y dificultad para respirar.
89,contagious,contagioso,COGNATE,ADJ,"The disease was declared <MASK>, prompting a health alert.",The <MASK> illness spread quickly among the unvaccinated population.,"La enfermedad fue declarada <MASK>, lo que provocó una alerta sanitaria.",La enfermedad <MASK> se propagó rápidamente entre la población no vacunada.
90,adjustable,ajustable,COGNATE,ADJ,The table had an <MASK> height feature.,The <MASK> seat allowed users to find their most comfortable position.,La mesa tenía una característica de altura <MASK>.,El asiento <MASK> permitió a los usuarios encontrar su posición más cómoda.
91,different,diferente,COGNATE,ADJ,They lived in a <MASK> neighborhood than before.,Each <MASK> style of art reflected the culture of its time.,Vivían en un barrio <MASK> que antes.,Cada estilo de arte <MASK> reflejaba la cultura de su época.
92,enormous,enorme,COGNATE,ADJ,The <MASK> dog barked loudly at the mailman.,The <MASK> building dominated the skyline of the city.,El perro <MASK> le ladró fuerte al cartero.,El edificio <MASK> dominaba el horizonte de la ciudad.
93,famous,famoso,COGNATE,ADJ,She wore a <MASK> designer dress to the gala.,The artist is known for his <MASK> paintings that capture the essence of modern life.,Ella usó un vestido del diseñador <MASK> para la gala.,El artista es conocido por sus pinturas <MASK> que capturan la esencia de la vida moderna.
94,abstract,abstracto,COGNATE,ADJ,The painting had an <MASK> quality that intrigued viewers.,The <MASK> concepts discussed in the seminar were challenging yet enlightening.,La pintura tenía una cualidad de <MASK> que intrigaba a los espectadores.,Los conceptos de <MASK> discutidos en el seminario fueron desafiantes pero esclarecedores.
95,important,importante,COGNATE,ADJ,It’s <MASK> to address these issues as soon as possible.,Her contributions to the project were <MASK> in achieving the final goal.,Es <MASK> abordar estos problemas lo antes posible.,Sus contribuciones al proyecto fueron <MASK> para lograr el objetivo final.
96,incredible,increíble,COGNATE,ADJ,The magician performed an <MASK> trick that amazed the audience.,It was an <MASK> experience to see the Northern Lights in person.,El mago realizó un truco de <MASK> que asombró a la audiencia.,Fue una experiencia <MASK> ver la aurora boreal en persona.
97,magnificient,magnífico,COGNATE,ADJ,The view from the top of the mountain was <MASK>.,The palace had <MASK> architecture that left visitors in awe.,La vista desde la cima de la montaña era <MASK>.,El palacio tenía una arquitectura <MASK> que dejaba asombrados a los visitantes.
98,permanent,permanente,COGNATE,ADJ,The tattoo was a <MASK> reminder of her travels.,He decided to make a <MASK> change to his lifestyle after the health scare.,El tatuaje era un <MASK> recordatorio de sus viajes.,Decidió hacer un cambio <MASK> en su estilo de vida después del problema de salud.
99,rich,rico,COGNATE,ADJ,The house was owned by a <MASK> family.,"She came from a <MASK> background, which allowed her many opportunities in life.",La casa era propiedad de una familia <MASK>.,"Provenía de <MASK>, lo que le permitió muchas oportunidades en la vida."
100,terrible,terrible,COGNATE,ADJ,The movie received <MASK> reviews from critics.,It was a <MASK> mistake to ignore the warnings about the storm.,La película recibió <MASK> críticas de los críticos.,Fue un error de <MASK> ignorar las advertencias sobre la tormenta.
101,agreeable,agradable,COGNATE,ADJ,He was known for his <MASK> personality and easy-going nature.,The <MASK> weather made it a perfect day for a picnic in the park.,Era conocido por su personalidad <MASK> y su naturaleza tranquila.,El clima de <MASK> lo convirtió en un día perfecto para hacer un picnic en el parque.
102,arduous,arduo,COGNATE,ADJ,The <MASK> journey tested their strength and determination.,Climbing the <MASK> mountain took them several days to complete.,El viaje de <MASK> puso a prueba su fuerza y ​​determinación.,Escalar la montaña <MASK> les llevó varios días.
103,attractive,atractivo,COGNATE,ADJ,The flowers in the garden were <MASK> to bees and butterflies.,She wore a beautiful dress that was <MASK> to everyone at the party.,Las flores del jardín eran <MASK> para las abejas y las mariposas.,Llevaba un hermoso vestido que era <MASK> para todos en la fiesta.
104,absurd,absurdo,COGNATE,ADJ,His reasoning seemed <MASK> given the evidence.,It was an <MASK> situation that left everyone scratching their heads.,Su razonamiento parecía <MASK> dada la evidencia.,Fue una situación de <MASK> que dejó a todos rascándose la cabeza.
105,circular,circular,COGNATE,ADJ,She drew a <MASK> shape on the paper.,The design featured a <MASK> pattern that drew attention to the center.,Dibujó una forma de <MASK> en el papel.,El diseño presentaba un patrón <MASK> que llamaba la atención hacia el centro.
106,ironic,irónico,COGNATE,ADJ,The situation had an <MASK> twist that surprised everyone.,It was <MASK> that the fire station burned down while they were out on a call.,La situación tuvo un giro <MASK> que sorprendió a todos.,Fue <MASK> la que quemó la estación de bomberos mientras estaban en una llamada.
107,conditional,condicional,COGNATE,ADJ,The contract included <MASK> clauses that needed to be met.,His acceptance was <MASK> on the successful completion of the project.,El contrato incluía cláusulas <MASK> que debían cumplirse.,Su aceptación fue <MASK> por la finalización exitosa del proyecto.
108,abundant,abundante,COGNATE,ADJ,There was an <MASK> supply of food at the festival.,"The garden produced an <MASK> harvest this year, far exceeding expectations.",Hubo un suministro de comida <MASK> en el festival.,"El jardín produjo una cosecha de <MASK> este año, superando con creces las expectativas."
109,necessary,necesario,COGNATE,ADJ,Proper nutrition is <MASK> for maintaining good health.,It is <MASK> to wear a helmet when riding a bike for safety.,Una nutrición adecuada es <MASK> para mantener una buena salud.,Es <MASK> usar casco al andar en bicicleta por seguridad.
110,imaginary,imaginario,COGNATE,ADJ,The child’s <MASK> friend often accompanied him on adventures.,She painted a picture of an <MASK> world filled with dragons and castles.,La amiga <MASK> del niño solía acompañarlo en sus aventuras.,Pintó un cuadro de un mundo <MASK> lleno de dragones y castillos.
111,questionable,cuestionable,COGNATE,ADJ,The evidence for the claim was <MASK> at best.,"His motives were <MASK>, raising suspicions among the team.",La evidencia para el reclamo era <MASK> en el mejor de los casos.,"Sus motivos eran <MASK>, levantando sospechas entre el equipo."
112,ordinary,ordinario,COGNATE,ADJ,She led an <MASK> life in the capital city.,The <MASK> day turned extraordinary when they found a lost puppy.,Llevó una vida <MASK> en la ciudad capital.,El día de <MASK> se volvió extraordinario cuando encontraron un cachorro perdido.
113,primary,primario,COGNATE,ADJ,The <MASK> objective of the meeting was to discuss budget cuts.,"The <MASK> colors are red, blue, and yellow.",El objetivo de <MASK> de la reunión era discutir los recortes presupuestarios.,"Los colores de <MASK> son rojo, azul y amarillo."
114,hereditary,hereditario,COGNATE,ADJ,The doctor informed him that the disease was <MASK>.,His <MASK> traits were evident in both his appearance and personality.,El médico le informó que la enfermedad era <MASK>.,Sus rasgos <MASK> eran evidentes tanto en su apariencia como en su personalidad.
115,vacant,vacante,COGNATE,ADJ,The room was <MASK> and waiting for new tenants.,The <MASK> lot was transformed into a beautiful park.,La habitación era <MASK> y esperaba nuevos inquilinos.,El lote <MASK> se transformó en un hermoso parque.
116,elegant,elegante,COGNATE,ADJ,She wore an <MASK> gown to the formal event.,"The <MASK> chandelier hung gracefully from the ceiling, casting soft light.",Ella usó un vestido <MASK> para el evento formal.,"La lámpara de araña <MASK> colgaba elegantemente del techo, proyectando una luz suave."
117,distant,distante,COGNATE,ADJ,The <MASK> mountains looked beautiful against the sunset.,He remembered the <MASK> memory of his childhood summer vacations.,Las montañas <MASK> se veían hermosas contra la puesta de sol.,Recordó el recuerdo de <MASK> de las vacaciones de verano de su infancia.
118,abnormal,anormal,COGNATE,ADJ,Her recent behavior was considered <MASK> by her peers.,The <MASK> results of the test led the doctors to conduct further examinations.,Su comportamiento reciente fue considerado <MASK> por sus compañeros.,Los resultados de la prueba <MASK> llevaron a los médicos a realizar más exámenes.
119,exceptional,excepcional,COGNATE,ADJ,"The student’s performance was <MASK>, earning her a scholarship.",He was recognized for his <MASK> work in community service.,"La actuación de la estudiante fue <MASK>, lo que le valió una beca.",Fue reconocido por su trabajo <MASK> en servicio comunitario.
120,national,nacional,COGNATE,ADJ,The <MASK> holiday was celebrated with parades and fireworks.,The <MASK> anthem was played at the start of the ceremony.,La festividad de la <MASK> se celebró con desfiles y fuegos artificiales.,El himno <MASK> se escuchó al inicio de la ceremonia.
121,accidental,accidental,COGNATE,ADJ,The <MASK> discovery changed the course of the research.,It was an <MASK> encounter that led to their lifelong friendship.,El descubrimiento de <MASK> cambió el curso de la investigación.,Fue un encuentro con <MASK> que los llevó a su amistad para toda la vida.
122,active,activo,COGNATE,ADJ,She remained <MASK> in the community even after retirement.,The <MASK> lifestyle he adopted significantly improved his health.,Ella permaneció <MASK> en la comunidad incluso después de jubilarse.,El estilo de vida <MASK> que adoptó mejoró significativamente su salud.
123,electric,eléctrico,COGNATE,ADJ,The <MASK> car was becoming more popular among consumers.,The<MASK> shock from the outlet surprised him for a moment.,El coche <MASK> se estaba volviendo cada vez más popular entre los consumidores.,El shock <MASK> del tomacorriente lo sorprendió por un momento.
124,flexible,flexible,COGNATE,ADJ,"The fabric of the dress is <MASK>, making it comfortable to wear.","His schedule was <MASK>, allowing him to work from home when needed.","La tela del vestido es <MASK>, lo que lo hace cómodo de llevar.","Su horario era <MASK>, lo que le permitía trabajar desde casa cuando era necesario."
125,perfect,perfecto,COGNATE,ADJ,"The presentation was nearly <MASK>, impressing the audience.",She wanted to create a <MASK> day for her sister's wedding.,"La presentación fue casi <MASK>, impresionando a la audiencia.",Quería crear un día <MASK> para la boda de su hermana.
126,admirable,admirable,COGNATE,ADJ,His dedication to charity work was <MASK>.,The athlete received an <MASK> award for his sportsmanship.,Su dedicación a obras de caridad fue <MASK>.,El atleta recibió un premio <MASK> por su espíritu deportivo.
127,artificial,artificial,COGNATE,ADJ,The cake was made with <MASK> flavors and colors.,The scientist created an <MASK> intelligence program that mimicked human behavior.,El pastel fue elaborado con <MASK> sabores y colores.,El científico creó un programa de inteligencia <MASK> que imitaba el comportamiento humano.
128,arbitrary,arbitrario,COGNATE,ADJ,The decision seemed <MASK> without any clear reasoning.,The judge's ruling was seen as <MASK> and unjust by many observers.,La decisión parecía <MASK> sin ningún razonamiento claro.,Muchos observadores consideraron <MASK> e injusto el fallo del juez.
129,temporary,temporario,COGNATE,ADJ,The <MASK> job allowed her to save money for college.,They put up <MASK> barriers to prevent the construction area from being accessed.,El trabajo de <MASK> le permitió ahorrar dinero para la universidad.,Colocaron barreras <MASK> para impedir el acceso a la zona de construcción.
130,organic,orgánico,COGNATE,ADJ,The farmer used <MASK> methods to grow his crops.,She preferred <MASK> produce because it was healthier and better for the environment.,El granjero utilizó métodos <MASK> para cultivar sus cultivos.,Prefería los productos <MASK> porque eran más saludables y mejores para el medio ambiente.
131,systematic,sistemático,COGNATE,ADJ,The <MASK> approach helped them solve the problem efficiently.,His <MASK> method for organizing files made finding documents much easier.,El enfoque <MASK> les ayudó a resolver el problema de manera eficiente.,Su método <MASK> para organizar archivos facilitó mucho la búsqueda de documentos.
132,precious,precioso,COGNATE,ADJ,The <MASK> gem sparkled in the sunlight.,The <MASK> memories from her childhood always made her smile.,La gema <MASK> brillaba a la luz del sol.,Los recuerdos de <MASK> de su infancia siempre la hacían sonreír.
133,mysterious,misterioso,COGNATE,ADJ,The <MASK> package arrived without a return address.,The story unfolded with many <MASK> elements that kept readers guessing.,El paquete <MASK> llegó sin dirección de remitente.,La historia se desarrolló con muchos elementos <MASK> que mantuvieron a los lectores adivinando.
134,correct,correcto,COGNATE,ADJ,"The answer was <MASK>, according to his calculations.",She made sure her sources were <MASK> before submitting her paper.,"La respuesta fue <MASK>, según sus cálculos.",Se aseguró de que sus fuentes fueran <MASK> antes de enviar su artículo.
135,compact,compacto,COGNATE,ADJ,The <MASK> car was easy to park in the crowded city.,The <MASK> design of the gadget made it convenient for travel.,El auto <MASK> fue fácil de estacionar en la concurrida ciudad.,El diseño <MASK> del dispositivo lo hacía conveniente para viajar.
136,abstract,abstracto,COGNATE,ADJ,"The artist’s style was <MASK>, leaving much to interpretation.",The gallery featured <MASK> paintings that evoked a range of emotions.,"El estilo del artista era <MASK>, dejando mucho a la interpretación.",La galería presentaba pinturas de <MASK> que evocaban una variedad de emociones.
137,tedious,tedioso,COGNATE,ADJ,The task became <MASK> after hours of repetition.,The <MASK> process of assembling the furniture took much longer than expected.,La tarea se convirtió en <MASK> después de horas de repetición.,El proceso de <MASK> para ensamblar los muebles tomó mucho más tiempo de lo esperado.
138,basic,básico,COGNATE,ADJ,"The recipe was <MASK>, perfect for beginner cooks.",He needed to understand the <MASK> principles of math before moving on to advanced topics.,"La receta era <MASK>, perfecta para cocineros principiantes.",Necesitaba comprender los principios matemáticos de <MASK> antes de pasar a temas avanzados.
139,artistic,artístico,COGNATE,ADJ,The painting was known for its <MASK> expression and vibrant colors.,The <MASK> community gathered to showcase their latest paintings.,La pintura era conocida por su expresión <MASK> y colores vibrantes.,La comunidad <MASK> se reunió para mostrar sus últimas pinturas.
140,classic,clásico,COGNATE,ADJ,The <MASK> novel was required reading for the literature class.,"She loved listening to the <MASK> music of the past, especially Beethoven.",La novela <MASK> era lectura obligatoria para la clase de literatura.,"Le encantaba escuchar la música <MASK> del pasado, especialmente Beethoven."
141,advertisement,advertencia,FALSE COGNATE,N,The <MASK> appeared on the side of the webpage.,The <MASK> for the new smartphone highlighted its cutting-edge features and sleek design.,Ayer recibí una <MASK> de mi maestro.,La policía dejó ir a los delincuentes juveniles con una <MASK> severa.
142,balloon,balón,FALSE COGNATE,N,She bought a colorful <MASK> for her child.,The <MASK> floated gently into the sky after it slipped from her grasp at the fair.,Los niños jugaron con una <MASK> en el parque.,El jugador dribló la <MASK> por la cancha antes de realizar un pase perfecto a su compañero de equipo.
143,cave,cava,FALSE COGNATE,N,They explored a dark <MASK> during their hike.,"Inside the <MASK>, the explorers found ancient paintings on the walls.",Lo celebramos con <MASK> anoche.,"En la recepción de la boda, la pareja brindó con <MASK> añejo de un famoso viñedo francés."
144,carpet,carpeta,FALSE COGNATE,N,The new <MASK> was soft and comfortable to walk on.,She chose a thick <MASK> that would insulate the room during winter.,Puse los papeles en una <MASK>.,El director del proyecto entregó una <MASK> de tres anillos llena de informes financieros detallados para la próxima reunión.
145,diversion,diversión,FALSE COGNATE,N,The road <MASK> was put in place due to construction.,The unexpected <MASK> caused them to miss their flight as they were rerouted through unfamiliar streets.,La <MASK> comenzó tan pronto como todos llegaron.,"La <MASK> del carnaval estuvo en los vibrantes desfiles, emocionantes atracciones y deliciosos puestos de comida."
146,vase,vaso,FALSE COGNATE,N,"As he walked through the room, his attention shifted from the window to an old <MASK> sitting in the corner",She arranged the freshly cut flowers and placed them delicately in the <MASK> on the dining room table.,Estaba buscando pistas en la habitación cuando sus ojos se posaron en la <MASK> sobre la mesa.,Cogió la <MASK> del mostrador de la cocina para tomar un sorbo de su jugo.
147,parade,parada,FALSE COGNATE,N,The town held a <MASK> every year for Independence Day.,"The massive <MASK> marched down the city’s main street, with colorful floats and music filling the air.",Siguieron caminando hasta llegar a la <MASK>.,"Esperó el autobús en el concurrido <MASK>, mirando nerviosamente su reloj a medida que pasaban los minutos."
148,code,codo,FALSE COGNATE,N,He cracked the secret <MASK> with ease.,The spy had to memorize a complex <MASK> to decipher the hidden message in the documents.,Se lastimó su <MASK> mientras practicaba deportes.,"Después de realizar un potente saque durante el partido de tenis, sintió un dolor agudo en su <MASK> y tuvo que tomar un descanso."
149,arm,arma,FALSE COGNATE,N,He injured his <MASK> while playing football.,She held the baby in one <MASK> while balancing the groceries with the other.,Se sorprendió al encontrar una <MASK> en el viejo cofre.,El soldado agarró con fuerza su <MASK> mientras se preparaba para la misión.
150,casualty,casualidad,FALSE COGNATE,N,The war resulted in heavy <MASK> numbers.,"The medical team attended to each <MASK> in the field hospital, despite the overwhelming number of wounded soldiers.","Mientras revisaba sus notas, se preguntó si había alguna <MASK> entre los dos eventos.",No fue <MASK> que ambos llegaron al mismo lugar exactamente al mismo tiempo.
151,alcove,alcoba,FALSE COGNATE,N,She sat in a small <MASK> in the library to read.,"The secret meeting took place in an <MASK> hidden behind a curtain, away from prying eyes.",Esperaba encontrar su arete en la <MASK>.,Entró en la <MASK> e inmediatamente notó la cama recién hecha y la luz del sol entrando a través de las cortinas.
152,signature,asignatura,FALSE COGNATE,N,The artist added his <MASK> to the corner of the painting.,She carefully examined the <MASK> on the contract to verify its authenticity.,No podía recordar la <MASK> de la que se habló.,"El profesor explicó la <MASK> en detalle, asegurándose de que todos los estudiantes entendieran el material antes del examen."
153,bark,barco,FALSE COGNATE,N,The dog’s <MASK> echoed through the quiet street.,The old tree’s <MASK> was rough and peeling after years of weathering storms.,"Mientras leía la carta antigua, se encontró con un pasaje que mencionaba una <MASK>.",El capitán dio la orden y la <MASK> zarpó hacia la lejana isla.
154,cask,casco,FALSE COGNATE,N,The <MASK> was filled with wine for aging.,"They opened the ancient <MASK> that had been buried for centuries, revealing a rare vintage.","Mientras rebuscaba en el garaje, encontró una vieja <MASK> que pertenecía a su padre.","Antes de subirse a su motocicleta, se aseguró de ponerse su <MASK> por seguridad."
155,exit,éxito,FALSE COGNATE,N,The <MASK> sign pointed to the nearest door.,"During the emergency, they rushed toward the <MASK>, hoping to escape the fire quickly.",Mencionaron brevemente la <MASK> del evento durante su reunión semanal.,"Después de años de arduo trabajo y dedicación, finalmente logró la <MASK> que siempre había soñado."
156,date,dato,FALSE COGNATE,N,They set a <MASK> for their next meeting.,"Their first <MASK> at the café was filled with laughter and conversation, sparking the start of their relationship.",Se encontró con una <MASK> que no conocía antes.,Enfatizó a <MASK> que el éxito de su proyecto dependía enteramente de cumplir con la próxima fecha límite.
157,deception,decepción,FALSE COGNATE,N,His <MASK> was uncovered during the investigation.,The <MASK> was so carefully planned that no one suspected anything until it was too late.,La película resultó ser una <MASK>.,"Después de años de promesas incumplidas y crecientes frustraciones, su <MASK> con la empresa se volvió inevitable."
158,discussion,discusión,FALSE COGNATE,N,They had a long <MASK> about the future of the project.,The meeting was scheduled specifically for a detailed <MASK> about the upcoming project deadline.,Tenían una <MASK> mientras planificaban el proyecto.,La antigua <MASK> entre las dos familias se convirtió en una batalla legal que duró años.
159,expectation,expectación,FALSE COGNATE,N,Her <MASK> was that the package would arrive by Friday.,The team's <MASK> of winning the championship motivated them to train harder every day.,Hubo una sensación creciente de <MASK> mientras leía las primeras líneas de la carta.,"El público esperó con impaciencia <MASK> mientras el telón comenzaba a levantarse lentamente, señalando el inicio de la actuación."
160,fabric,fábrica,FALSE COGNATE,N,The dress was made of fine <MASK>.,The lightweight <MASK> of the curtains allowed sunlight to gently filter into the room.,La <MASK> estuvo ruidosa todo el día.,El automóvil <MASK> en Detroit aumentó su producción para satisfacer la creciente demanda de vehículos eléctricos.
161,float,flota,FALSE COGNATE,N,The <MASK> in the parade was decorated with flowers and streamers.,"The parade featured an elaborate <MASK> designed to resemble a giant peacock, dazzling the crowd with its vibrant colors.","Mientras caminaban por la cubierta, no se dieron cuenta de la presencia de una <MASK> cerca.","El almirante ordenó a la <MASK> zarpar al amanecer, lista para su misión a través del océano."
162,gratification,gratificación,FALSE COGNATE,N,The instant <MASK> of winning the game was thrilling.,The <MASK> of completing a difficult project was far more rewarding than she had expected.,Trabajó duro para ganarse su <MASK>.,"Los clientes dejaron una generosa <MASK> para su camarero, apreciando el excelente servicio durante toda la cena."
163,inconvenience,inconveniencia,FALSE COGNATE,N,The delay caused some <MASK> to the passengers.,The flight cancellation was a major <MASK> for travelers who had urgent commitments.,Recordó un incidente de hace años y se preguntó si había sido una instancia de <MASK>.,El comité decidió investigar las acusaciones de <MASK> en el manejo de fondos para el evento benéfico.
164,idiom,idioma,FALSE COGNATE,N,He didn’t understand the <MASK> used in the conversation.,The <MASK> “raining cats and dogs” confused the foreign students learning English.,Los personajes de la película hablaban con una <MASK> única.,Estaba fascinada por cómo se producía la comunicación a través de <MASK>.
165,informality,informalidad,FALSE COGNATE,N,Their <MASK> made the dinner feel relaxed and enjoyable.,The <MASK> of the meeting allowed everyone to contribute freely without the pressure of a formal agenda.,Mencionó una preocupación general que había surgido sobre <MASK> sin entrar en detalles.,"El estudio fue descartado debido a la <MASK> de las fuentes, que no proporcionaron resultados consistentes."
166,ingenuity,ingenuidad,FALSE COGNATE,N,His <MASK> helped him solve the complex problem.,The inventor's <MASK> in designing the water purifier earned him international recognition.,Apreciaba su honestidad pero no estaba seguro de si <MASK> era siempre el mejor enfoque en tales situaciones.,"La <MASK> del CEO durante la reunión impresionó a los empleados, mientras hablaba abiertamente de los desafíos que enfrenta la empresa."
167,injury,injuria,FALSE COGNATE,N,She suffered an <MASK> while skiing.,The football player’s knee <MASK> was severe enough to sideline him for the rest of the season.,Recordó un momento que se sintió como una <MASK>.,"Se alejó de la conversación, herido por la <MASK> que había surgido de la nada."
168,journal,jornal,FALSE COGNATE,N,He kept a <MASK> of his daily activities.,The explorer’s <MASK> detailed every step of the journey through the dense Amazon rainforest.,Mencionó el concepto de <MASK> sin entrar en detalles sobre su propia situación.,"Después de revisar el presupuesto, el gerente decidió aumentar la <MASK> para todos los trabajadores para reflejar el aumento del costo de vida."
169,jubilation,jubilación,FALSE COGNATE,N,The room was filled with <MASK> after they won the game.,The <MASK> of the crowd erupted as the winning goal was scored in the final seconds of the match.,El día de su <MASK> fue una ocasión de gran alegría.,"Después de años de dedicado servicio, finalmente celebró su <MASK> con una fiesta rodeada de amigos y colegas."
170,lecturer,lector,FALSE COGNATE,N,The <MASK> spoke on various topics throughout the semester.,The <MASK> captivated the students with her engaging class on the latest breakthroughs in neuroscience.,Le preocupaba que su ensayo no fuera bien recibido por la <MASK>.,"El ávido <MASK> devoró la novela de una sola sentada, cautivado por la historia desde la primera página."
171,library,librería,FALSE COGNATE,N,She borrowed a book from the <MASK>.,"The grand <MASK> housed thousands of rare manuscripts, attracting scholars from around the world.",Visité la <MASK> ayer.,"El centro de <MASK> organizó una venta y un evento de firma de libros con un autor de gran éxito, atrayendo a una gran multitud de fanáticos entusiasmados."
172,lantern,linterna,FALSE COGNATE,N,The <MASK> illuminated the dark room.,"The <MASK> flickered in the wind, casting eerie shadows along the path during their night hike.",Necesito pilas para la <MASK>.,"Durante el viaje de campamento, se dieron cuenta de que habían olvidado la <MASK>, dejándolos en la oscuridad cuando se fue la luz."
173,mantle,mantel,FALSE COGNATE,N,The <MASK> above the fireplace was decorated with family photos.,The ornate <MASK> was carved from marble and featured intricate designs passed down through generations.,Se encontró con una <MASK> que pertenecía a su abuela.,"Antes de la cena, colocó cuidadosamente la elegante <MASK> sobre la mesa del comedor para crear el ambiente perfecto para sus invitados."
174,mascara,máscara,FALSE COGNATE,N,She applied <MASK> to her lashes before leaving for the event.,The waterproof <MASK> stayed intact even after she was caught in the rainstorm.,"Encontró un objeto que parecía una <MASK>, pero no estaba seguro.","Antes de entrar al lugar lleno de gente, todos debían usar una <MASK> para garantizar su seguridad."
175,meeting,mitin,FALSE COGNATE,N,The <MASK> was scheduled for 10 a.m.,The boardroom <MASK> became tense as executives debated the future of the company’s strategy.,Fui al <MASK>.,"El mitin político atrae a <MASK> de personas, generando debates acalorados sobre las reformas sociales y el futuro del país."
176,motto,moto,FALSE COGNATE,N,"Their <MASK> was “work hard, play harder.”",The university's <MASK> encapsulated its commitment to excellence in education and research.,Estaba pensando en pedir prestada la nueva <MASK> de su hermano.,"Después de ahorrar durante años, finalmente compró una <MASK> y la llevó a dar un paseo por la costa."
177,office,oficio,FALSE COGNATE,N,He works in an <MASK> downtown.,The quiet <MASK> allowed for uninterrupted focus on critical projects.,Mencionó casualmente algunas opciones para una <MASK> sin dar más detalles.,"Después de años de arduo trabajo y dedicación, finalmente logró su sueño <MASK> como doctora, lista para ayudar a otros necesitados."
178,parent,pariente,FALSE COGNATE,N,The <MASK> helped the child with homework.,"As a single <MASK>, she balanced raising two kids with a demanding full-time job.","Mencionó una <MASK> que no había visto en años, pero no podía recordar su nombre.","En la reunión familiar, conocieron a una <MASK> distante que vivía en el extranjero."
179,pain,pena,FALSE COGNATE,N,He felt sharp <MASK> in his back.,The emotional <MASK> of losing a loved one was more intense than any physical injury.,Sintió una sensación de <MASK> que nunca antes había sido reconocida.,"Después de la pérdida de su querida mascota, <MASK> la abrumó y le resultó difícil seguir con su rutina diaria."
180,pot,pote,FALSE COGNATE,N,She cooked the soup in a large <MASK>.,The ancient <MASK> found during the excavation gave archaeologists insight into the daily lives of past civilizations.,Vio una misteriosa <MASK> en el jardín.,"Cogió la <MASK> en el estante superior, girando con cuidado la tapa para recuperar la mermelada casera del interior."
181,alumnus,alumno,FALSE COGNATE,N,The <MASK> donated generously to his alma mater.,The <MASK> gave a heartfelt speech about the importance of education at the university's annual gala.,La <MASK> estaba completamente agotada al final del día.,"La <MASK> levantó la mano para hacer una pregunta durante la conferencia, ansiosa por aclarar el tema que se estaba discutiendo."
182,anxiety,ansiedad,FALSE COGNATE,N,He felt overwhelming <MASK> before the presentation.,The student's <MASK> was so severe that he struggled to focus on his exams.,"Mientras miraba por la ventana, sintió una vaga sensación de <MASK>.","Después de meses de separación, se llenó de una profunda <MASK> por reunirse con su familia y amigos."
183,apology,apología,FALSE COGNATE,N,He offered a sincere <MASK> for his mistake.,Her heartfelt <MASK> finally mended the rift between her and her best friend.,"Durante la reunión, alguien mencionó la necesidad de un discurso, pero no estaba claro si sería una <MASK>.","Mientras estaba en el podio, se preparó para pronunciar una sentida <MASK> en honor a su difunta abuela, reflexionando sobre su impacto en sus vidas."
184,assistance,asistencia,FALSE COGNATE,N,The teacher provided <MASK> with the assignment.,The disaster relief team offered crucial <MASK> to the flood victims in the aftermath of the storm.,"Durante la reunión, discutieron varios temas, pero no hubo ninguna mención específica a <MASK>.",El maestro tomó <MASK> al comienzo de la clase para asegurarse de que todos los estudiantes estuvieran presentes para la importante discusión.
185,baggage,bagaje,FALSE COGNATE,N,She packed her <MASK> for the trip.,The excessive <MASK> fees at the airport caused them to rethink what they packed for their vacation.,Mientras estaba en la estación de tren notó una <MASK> en el andén.,"El ejército mostró su última <MASK> durante la exposición, incluidos drones avanzados y vehículos blindados."
186,verandah,baranda,FALSE COGNATE,N,They enjoyed breakfast on the <MASK> overlooking the garden.,The spacious <MASK> was filled with potted plants and cozy seating for afternoon tea.,"En el crepúsculo, las sombras danzaban alrededor de la <MASK>, insinuando historias no contadas.","Deslizó su mano a lo largo de la <MASK> mientras descendía las escaleras, sintiendo la suave madera bajo sus dedos."
187,barracks,barraca,FALSE COGNATE,N,The soldiers returned to their <MASK> after the drill.,"The <MASK> were old and rundown, but they provided shelter for the troops stationed overseas.",Vio una <MASK> a través de la niebla y caminó hacia ella.,"Después de un largo día de caminata, finalmente llegaron a la acogedora <MASK> donde pudieron descansar y calentarse junto al fuego."
188,bigot,bigote,FALSE COGNATE,N,The <MASK> refused to acknowledge other perspectives.,The <MASK> made offensive remarks created a hostile environment that prompted widespread condemnation.,No tiene <MASK>.,"El detective, conocido por su gruesa <MASK> y su agudo ingenio, resolvió el caso en un tiempo récord."
189,blank,blanco,FALSE COGNATE,N,"He stared at the <MASK> on the form, unsure of what to write.",The <MASK> in the contract needed to be filled in with precise legal terms before it could be finalized.,Pudo completar la <MASK> antes de la fecha límite.,"El arquero respiró hondo, concentrándose intensamente en la <MASK> antes de soltar la flecha con precisión."
190,boutique,botica,FALSE COGNATE,N,She bought a dress from the new <MASK> downtown.,The trendy <MASK> was known for carrying exclusive designer brands.,"Pasó por un edificio que parecía ser una <MASK>, pero no se detuvo a comprobarlo.",Rápidamente corrió a la <MASK> para recoger su receta médica antes de que cerrara por la noche.
191,bland,blando,FALSE COGNATE,ADJ,The soup tasted <MASK>.,"The chef’s new dish was surprisingly <MASK>, lacking the usual spices that made his food stand out.",La tela se sintió <MASK> cuando sus dedos la rozaron sin pensarlo mucho.,"El toque de la enfermera fue <MASK> mientras limpiaba cuidadosamente la herida, asegurándose de no causar más dolor."
192,ancient,anciano,FALSE COGNATE,ADJ,The ruins of the city were <MASK>.,The <MASK> civilization left behind artifacts that revealed the complexities of their culture and technology.,"En la fiesta, había alguien en la esquina que parecía <MASK>, pero no miró de cerca.","El hombre <MASK> se sentó en el banco del parque con su bastón, alimentando a las palomas y sonriendo a los transeúntes."
193,anxious,ansioso,FALSE COGNATE,ADJ,She felt <MASK> before the exam.,"The student became increasingly <MASK> as the deadline for her final project approached, fearing she wouldn't complete it in time.","En la acalorada discusión, una persona parecía un poco <MASK>, pero no estaba claro por qué.",El empresario <MASK> siempre buscó formas de tomar atajos y aumentar sus márgenes de beneficio.
194,apparent,aparente,FALSE COGNATE,ADJ,The solution to the problem was <MASK> after a few moments of thinking.,"After several failed attempts to fix the issue, it became <MASK> that the software had a critical bug.",Eligieron un lugar de encuentro que parecía <MASK>.,"El nuevo apartamento está en una ubicación <MASK>, a sólo cinco minutos de su oficina y del supermercado."
195,callous,calloso,FALSE COGNATE,ADJ,His response was <MASK> and hurtful.,The manager’s <MASK> disregard for his employees’ concerns led to widespread dissatisfaction in the company.,Notó un parche <MASK> en su piel.,Le aconsejaron que comprara algo para suavizar sus codos <MASK>.
196,candid,cándido,FALSE COGNATE,ADJ,She was <MASK> in her feedback.,The politician’s <MASK> interview revealed the inner workings of her campaign and the challenges she faced.,"Entre la multitud, vio una cara que parecía <MASK>.",El jurado encontró al joven <MASK> después de escuchar todas las pruebas presentadas ante el tribunal.
197,zealous,celoso,FALSE COGNATE,ADJ,He was <MASK> about his new project.,The activist’s <MASK> commitment to environmental protection inspired others to join the cause.,"Mientras conversaban, ella notó un toque de <MASK> en su tono.",Se convirtió en <MASK> cuando vio a su amigo recibir elogios por el proyecto en el que ambos trabajaron.
198,coloured,colorado,FALSE COGNATE,ADJ,The walls were brightly <MASK>.,The artist’s <MASK> illustrations brought a vibrant energy to the children’s book.,Llevaba un vestido <MASK>.,El brillante uniforme <MASK> del bombero se destacó contra el fondo lleno de humo mientras rescataba valientemente al gato atrapado del árbol.
199,comprehensive,comprensivo,FALSE COGNATE,ADJ,The book provided a <MASK> overview of the topic.,"The <MASK> study covered every aspect of the environmental impact, from climate change to wildlife preservation.",Era conocida por ser una profesora muy <MASK>.,Su naturaleza <MASK> hizo que fuera fácil para sus amigos confiar en ella en tiempos difíciles.
200,conservative,conservativo,FALSE COGNATE,ADJ,He had <MASK> views on politics.,The senator's <MASK> fiscal policy emphasized cutting government spending and reducing taxes.,La sal es el elemento <MASK>.,El fabricante de alimentos agregó un ingrediente <MASK> para extender la vida útil del producto.
201,convenient,conveniente,FALSE COGNATE,ADJ,The new system was very <MASK>.,The <MASK> mobile app allowed customers to order groceries from the comfort of their homes and have them delivered within an hour.,Parecía que <MASK> hablaba.,"El comité se aseguró de seleccionar un candidato de <MASK> para el puesto, teniendo en cuenta cuidadosamente sus calificaciones y experiencia."
202,derogatory,derogatorio,FALSE COGNATE,ADJ,His comment was <MASK> and offensive.,The <MASK> remarks he made about the team's performance led to a formal complaint being filed.,La política <MASK> fue aprobada.,La política <MASK> finalmente trajo alivio a los afectados por la injusta ley.
203,dishonest,deshonesto,FALSE COGNATE,ADJ,The salesman was <MASK> about the product’s quality.,His <MASK> behavior cost him his job when the company discovered he had been falsifying reports for years.,Su atuendo parecía <MASK> para la ocasión.,"Los comentarios de <MASK> de la celebridad durante la entrevista provocaron reacciones negativas, ya que muchos los encontraron jactanciosos y carentes de humildad."
204,effective,efectivo,FALSE COGNATE,ADJ,The treatment was highly <MASK>.,"The new advertising campaign proved <MASK>, resulting in a significant increase in sales.",No sabía si ese era el itinerario de <MASK> para su viaje.,No conocemos la causa <MASK> del SIDA.
205,egregious,egregio,FALSE COGNATE,ADJ,His actions were <MASK> violations of the rules.,The company's <MASK> disregard for environmental regulations led to a massive public backlash.,Ella tenía una carrera <MASK>.,Sus logros con <MASK> en el campo de la medicina le valieron el reconocimiento internacional y numerosos premios prestigiosos.
206,embarrassed,embarazada,FALSE COGNATE,ADJ,She felt <MASK> by the mistake she made.,The <MASK> student tried to hide her flushed face after giving an incorrect answer in front of the class.,Le dijo a su hermano que ella era <MASK>.,"Después de su chequeo, el médico confirmó que tenía seis meses <MASK> y analizó su plan de parto y sus opciones de atención prenatal."
207,invidious,envidioso,FALSE COGNATE,ADJ,The policy had <MASK> consequences.,"The new rule was seen as <MASK>, creating resentment and divisions among the employees.",Sintió <MASK> de su éxito.,"Ver el rápido ascenso de su amigo en la empresa lo dejó sintiéndose <MASK>, a pesar de su propio progreso constante en su carrera."
208,erratic,errático,FALSE COGNATE,ADJ,His driving was <MASK> and unpredictable.,The athlete’s <MASK> performance in the finals surprised everyone after his consistently strong showing during the season.,Su estancia fue <MASK>.,"Debido a su naturaleza <MASK>, el trabajo estacional atrajo a un grupo rotativo de empleados, cada uno de los cuales se quedó solo durante unos meses."
209,stolid,estólido,FALSE COGNATE,ADJ,His expression remained <MASK> despite the bad news.,"Even during the intense debate, his <MASK> demeanor never wavered, showing no emotion or reaction.",Ella tomó una decisión <MASK>.,"Su error con la <MASK> durante la presentación le costó credibilidad ante la junta, destacando la necesidad de una preparación minuciosa."
210,extemporaneous,extemporáneo,FALSE COGNATE,ADJ,He gave an <MASK> speech at the event.,"The <MASK> nature of her presentation made it all the more impressive, as she spoke without notes or preparation.",Sus comentarios fueron <MASK>.,"Los comentarios del político <MASK> durante la crisis provocaron indignación, eclipsando el mensaje de unidad pretendido."
211,extravagant,extravagante,FALSE COGNATE,ADJ,Her shopping habits were <MASK>.,"His <MASK> lifestyle, complete with luxury cars and designer clothes, quickly drained his savings.",Esa fue una coincidencia de <MASK>.,"Su obsesión con <MASK> por coleccionar taxidermia antigua llamó la atención en las reuniones sociales, lo que provocó reacciones encontradas entre los invitados."
212,fastidious,fastidioso,FALSE COGNATE,ADJ,She was <MASK> about keeping her room clean.,The <MASK> chef inspected every ingredient to ensure it met his exacting standards before beginning to cook.,El comportamiento del niño parecía <MASK>.,"Su risa <MASK> llenó la habitación, ahogando la conversación y dificultando la participación de los demás."
213,fiery,fiero,FALSE COGNATE,ADJ,His <MASK> temper often got him into trouble.,The <MASK> debate between the candidates ignited a passionate discussion about healthcare reform.,La profesora enseñó en su clase sobre los animales más <MASK> del mundo.,"El gruñido <MASK> del león resonó en la sabana, advirtiendo a los intrusos que mantuvieran la distancia."
214,gracious,gracioso,FALSE COGNATE,ADJ,The host was <MASK> and welcoming to all her guests.,"She accepted the criticism with <MASK> humility, thanking her colleagues for their feedback.",El ambiente por la noche era <MASK>.,"Una brisa <MASK> hizo crujir las hojas, creando una atmósfera acogedora para el picnic al aire libre."
215,collegial,colegial,FALSE COGNATE,ADJ,The team worked in a <MASK> environment.,"The meeting had a <MASK> atmosphere, where everyone felt comfortable sharing ideas and offering support to one another.",Los estudiantes formaron un vínculo <MASK> que duró muchos años.,El espíritu <MASK> durante la asamblea escolar animó a los estudiantes a participar activamente y relacionarse entre sí de manera positiva.
216,imperious,imperioso,FALSE COGNATE,ADJ,His tone was <MASK> when giving orders.,"The king’s <MASK> attitude alienated his advisors, who grew frustrated with his lack of consideration for their opinions.",Se nos informó que la fecha límite del proyecto es <MASK>.,"La naturaleza <MASK> del proyecto exigía atención inmediata, lo que requería que el equipo le diera prioridad sobre otras tareas."
217,impudent,impúdico,FALSE COGNATE,ADJ,The student’s behavior was <MASK> in class.,His <MASK> remarks toward the professor resulted in a heated argument that disrupted the lecture.,Sus comentarios en la reunión fueron muy <MASK>.,La <MASK> del atleta se jacta de sus logros y generó críticas de sus compañeros que valoraban la humildad.
218,inconvenient,inconveniente,FALSE COGNATE,ADJ,The delay was <MASK> for everyone involved.,The <MASK> timing of the meeting meant that many participants had to rearrange their entire schedules to attend.,Es <MASK> ignorar los protocolos de seguridad.,"Dadas las condiciones peligrosas, era <MASK> proceder sin las medidas de seguridad adecuadas."
219,industrious,industrioso,FALSE COGNATE,ADJ,"He was an <MASK> worker, always completing tasks on time.","The <MASK> community rebuilt their town quickly after the natural disaster, showing resilience and determination.",Los artistas de esta región del país son especialmente <MASK>.,"Su pincelada <MASK> dio vida a la pintura, capturando la esencia del paisaje con notable detalle."
220,uneducated,ineducado,FALSE COGNATE,ADJ,The child was <MASK> but eager to learn.,"Despite being <MASK>, he showed remarkable talent in solving complex problems using his natural intuition.",El comité le dijo que su comportamiento era <MASK>.,Las interrupciones del niño <MASK> durante la conversación de la cena hicieron que los invitados se sintieran incómodos y molestos.
221,unused,inusitado,FALSE COGNATE,ADJ,The tool was left <MASK> in the garage.,The <MASK> potential of the software went unnoticed until a savvy developer recognized its value.,El diseño era <MASK> pero apropiado para la campaña.,El enfoque <MASK> del arquitecto para el diseño del edificio desafió los estilos tradicionales y adoptó materiales innovadores.
222,magisterial,magisterial,FALSE COGNATE,ADJ,"The performance had a certain authority, almost <MASK>. ","The judge’s <MASK> tone commanded the courtroom, leaving no doubt about who was in charge.",El curso <MASK> no lleva mucho tiempo completarlo.,Se matriculó en el curso <MASK> para cumplir su sueño de enseñar a niños desfavorecidos de su ciudad.
223,large,largo,FALSE COGNATE,ADJ,The house had a <MASK> backyard.,"The <MASK> turnout at the rally exceeded everyone’s expectations, signaling strong public support for the cause.",Todos encontraron que el discurso del político era <MASK>.,"La conferencia <MASK> del profesor cubrió cada teoría con meticuloso detalle, dejando poco tiempo para preguntas."
224,literate,literato,FALSE COGNATE,ADJ,The <MASK> woman read several books each week.,The <MASK> population of the country expanded rapidly due to the government's focus on education reform.,Tiene una amiga <MASK>.,Su amiga <MASK> acaba de publicar su última novela de suspenso.
225,lunatic,lunático,FALSE COGNATE,ADJ,His behavior seemed <MASK> to the others.,The <MASK> rantings of the man on the street corner drew concerned glances from passersby.,Se dio cuenta de que había estado sintiendo <MASK> todo el día.,"Los estados de ánimo <MASK> de la niña mantenían a sus maestros alerta, adaptándose diariamente a sus caprichos siempre cambiantes."
226,morose,moroso,FALSE COGNATE,ADJ,He felt <MASK> after hearing the bad news.,The <MASK> atmosphere in the office was palpable after the announcement of impending layoffs.,Perdió su vuelo porque era <MASK>.,Su llegada de <MASK> a clase cada mañana interrumpió el flujo de la conferencia y frustró a sus puntuales compañeros de clase.
227,mundane,mundano,FALSE COGNATE,ADJ,The task was <MASK> but necessary.,"The employee found his <MASK> daily tasks uninspiring, yearning for a more creative role in the company.","Comparado con la mayoría de las personas de su edad, sus experiencias fueron <MASK>.","Su perspectiva <MASK> le permitió conectarse profundamente con estudiantes de diversos orígenes, agregando riqueza a su enseñanza."
228,notorious,notorio,FALSE COGNATE,ADJ,The criminal was <MASK> for his daring heists.,"The <MASK> gangster ruled the city’s underworld, evading law enforcement for years.",Pronto se convirtió en una personalidad <MASK> en su ciudad.,"La conferencia invitada de la científica <MASK> atrajo a una gran audiencia, con estudiantes deseosos de aprender de sus ideas."
229,pathetic,patético,FALSE COGNATE,ADJ,His attempt at humor was <MASK>.,The <MASK> state of the neglected park was a stark reminder of the city’s lack of funding for public spaces.,El público encontró la película bastante <MASK>.,Las palabras <MASK> de la maestra durante la graduación dejaron a los estudiantes y a los padres profundamente conmovidos por su dedicación.
230,quiet,quieto,FALSE COGNATE,ADJ,The room was <MASK> after the presentation ended.,The <MASK> tension in the courtroom was palpable as the jury prepared to deliver its verdict.,La antigua casa era completamente <MASK>.,La clase se sentó <MASK> después de que el maestro pronunció el impactante anuncio.
231,relevant,relevante,FALSE COGNATE,ADJ,Her comment was <MASK> to the discussion.,The <MASK> data presented during the meeting helped clarify the project’s future direction.,El comité organizó un espectáculo <MASK>.,"El proyecto <MASK> del estudiante ganó la feria de ciencias de la escuela, impresionando tanto a los jueces como a sus compañeros."
232,sane,sano,FALSE COGNATE,ADJ,He seemed perfectly <MASK> despite the strange situation.,"The doctor’s calm and <MASK> explanation reassured the patient, despite the severity of the diagnosis.",Ella priorizó comer comidas <MASK> todos los días.,"La escuela promovió un programa de almuerzos <MASK>, que ofrece comidas nutritivas para fomentar mejores hábitos alimentarios entre los estudiantes."
233,sympathetic,simpático,FALSE COGNATE,ADJ,She was <MASK> to his struggles.,The <MASK> response from her coworkers after her personal loss helped her get through a difficult time.,Eran personas <MASK>.,Su personalidad <MASK> lo convirtió en una figura popular tanto entre sus compañeros como entre sus profesores.
234,transcendent,trascendente,FALSE COGNATE,ADJ,"His ideas were <MASK>, beyond the ordinary scope of the project.",The philosopher’s <MASK> vision reshaped how people thought about the relationship between humans and nature.,La conferencia del instituto fue <MASK>.,El debate <MASK> de la clase de historia sobre los derechos civiles abrió los ojos de los estudiantes a los desafíos sociales e inspiró un diálogo reflexivo.
235,versatile,versátil,FALSE COGNATE,ADJ,The tool was <MASK> and could be used for many tasks.,"The <MASK> performer easily transitioned between singing, dancing, and acting during the show.",El clima en el campo es <MASK> durante esta época del año.,"La naturaleza <MASK> de la primavera a menudo provoca cambios repentinos, con un cálido sol en un momento y una lluvia inesperada al siguiente."
236,vicious,vicioso,FALSE COGNATE,ADJ,His <MASK> insults shocked everyone in the room.,"The <MASK> attack left the victim hospitalized with serious injuries, sparking outrage across the community.",El comportamiento <MASK> mostrado por los trabajadores fue impactante.,"Conocido por sus hábitos <MASK>, el estudiante a menudo priorizaba la fiesta sobre el estudio, lo que finalmente ponía en peligro sus perspectivas de futuro."
237,fatuous,fatuo,FALSE COGNATE,ADJ,His response was <MASK> and dismissive.,"The <MASK> comments made during the debate undermined the speaker’s credibility, as they lacked substance or thoughtfulness.",Su comportamiento hacia sus compañeros siempre fue <MASK>.,"El estudiante de <MASK> a menudo se jactaba de sus calificaciones, para disgusto de sus compañeros de clase."
238,gentle,gentil,FALSE COGNATE,ADJ,She gave him a <MASK> nudge to get his attention.,"The <MASK> breeze from the open window carried the scent of flowers, creating a calming atmosphere.",Tenía ojos de <MASK>.,"La puesta de sol <MASK> sobre el océano pintó el cielo en vibrantes tonos de naranja y rosa, cautivando a todos en la playa."
239,illiterate,illiterato,FALSE COGNATE,ADJ,The person was <MASK> and could not read the letter.,"In many rural areas, the <MASK> population struggled to access basic education due to a lack of schools and resources.",Ella fue <MASK> en la historia.,"Su enfoque <MASK> del análisis literario mostró su falta de exposición a métodos críticos, lo que afectó su comprensión."
240,obsequious,obsequioso,FALSE COGNATE,ADJ,His <MASK> manner irritated his colleagues.,"The <MASK> assistant constantly flattered his boss in an attempt to gain favor, despite the discomfort it caused others.",Ella era <MASK> con las reglas.,La estudiante de <MASK> se adhirió cuidadosamente a las pautas de la escuela y recibió elogios de sus maestros por su respeto.
241,ascendancy,ascendencia,FALSE COGNATE,N,His <MASK> in the company was undeniable.,The politician’s <MASK> was marked by his ability to rally the support of influential business leaders.,Estaba interesada en explorar su <MASK>.,"Al rastrear su <MASK> a través de generaciones, descubrió historias de resiliencia y migración en su línea familiar."
242,ardor,ardor,FALSE COGNATE,N,She spoke with great <MASK> about her love for painting.,His <MASK> for the environmental cause led him to dedicate his life to conservation efforts.,La <MASK> le causó dolor de cabeza.,"El desierto <MASK> era implacable, haciendo que incluso las breves actividades al aire libre fueran desafiantes y agotadoras."
243,arena,arena,FALSE COGNATE,N,The competition took place in a large <MASK>.,The gladiators battled fiercely in the ancient <MASK> as the crowd roared with excitement.,La <MASK> era cálida y suave.,"A medida que las olas retrocedieron, las huellas en la suave <MASK> marcaron su tranquilo paseo por la costa."
244,bonanza,bonanza,FALSE COGNATE,N,The stock market experienced a financial <MASK> this year.,The discovery of oil in the region led to an economic <MASK> that transformed the small town into a bustling city.,Tuvieron suerte de tener <MASK> ese día.,"Los marineros disfrutaron de una <MASK> poco común, con cielos despejados y olas suaves que hicieron que fuera un día perfecto de navegación."
245,candor,candor,FALSE COGNATE,N,She appreciated his <MASK> in the conversation.,The CEO’s <MASK> during the press conference addressed the company's financial struggles openly and honestly.,La <MASK> de la mujer era evidente.,"La <MASK> de la niña brillaba a través de sus preguntas, revelando una curiosidad que no se ve afectada por las duras realidades."
246,cargo,cargo,FALSE COGNATE,N,The ship was loaded with <MASK> for delivery.,The plane’s <MASK> hold was filled with medical supplies destined for disaster-stricken regions.,Este era su sueño <MASK>.,"Su <MASK> como bióloga marina la acercó a la vida silvestre del océano, cumpliendo una pasión de toda la vida."
247,collar,collar,FALSE COGNATE,N,He adjusted the <MASK> of his shirt.,The police officer grabbed the suspect by the <MASK> as he tried to flee the scene.,Esa <MASK> era una reliquia familiar.,"La delicada <MASK>, heredada de su abuela, brillaba con pequeñas piedras preciosas cuidadosamente elaboradas."
248,china,china,FALSE COGNATE,N,The cups were made of <MASK>.,"Her grandmother’s treasured <MASK> collection, with its hand-painted designs and gilded edges, was reserved for special family gatherings.",Rompió la ventana con una <MASK>.,"A lo largo de la playa, recogió una <MASK> suave y redondeada como un pequeño recordatorio del día de verano."
249,disco,disco,FALSE COGNATE,N,They danced all night at the <MASK>.,The 1970s <MASK> era revolutionized music with its infectious beats and vibrant dance culture.,El <MASK> es redondo.,El <MASK> de freno del coche es esencial para reducir la velocidad.
250,lance,lance,FALSE COGNATE,N,The knight held his <MASK> tightly during the joust.,The knight’s <MASK> shattered upon impact with his opponent’s shield in the dramatic tournament.,Buscaron una <MASK> en el pintoresco pueblo.,"Ansiosos por <MASK>, partieron a explorar los escarpados senderos de montaña, sin inmutarse por el desafiante terreno."
251,lid,lid,FALSE COGNATE,N,She placed the <MASK> back on the jar.,The <MASK> of the ancient pot was intricately decorated with symbols that told a story of its origin.,La <MASK> que presenciaron esa noche fue intensa.,"La escena culminante <MASK> de la película mantuvo al público nervioso, cada acción coreografiada a la perfección."
252,mayor,mayor,FALSE COGNATE,N,The <MASK> gave a speech at the town hall.,"The <MASK> faced criticism for his handling of the recent housing crisis, prompting heated debates among city council members.",Los <MASK> necesitan más apoyo social.,"El centro comunitario ofrece clases y actividades adaptadas a <MASK>, asegurando que se mantengan socialmente activos y comprometidos."
253,memorial,memorial,FALSE COGNATE,N,A <MASK> was built in honor of the fallen soldiers.,The grand <MASK> in the center of the city became a symbol of resilience and remembrance for future generations.,Ella enfatizó la importancia de la <MASK> para sus amigos.,Ciudadanos preocupados firmaron la <MASK> para proteger los espacios verdes locales del desarrollo comercial.
254,mole,mole,FALSE COGNATE,N,The <MASK> on her cheek was small but noticeable.,"The <MASK> in the intelligence agency leaked sensitive information to a foreign government, causing a major scandal.",La caja era pesada debido a su <MASK>.,"La <MASK> del envío dificultó su manipulación, lo que requirió personal adicional para descargar las enormes cajas."
255,mote,mote,FALSE COGNATE,N,A tiny <MASK> of dust floated in the sunlight.,"The <MASK> of dust drifted through the air, barely visible except when it caught the light through the window.",Los gemelos compartieron una <MASK> entre sus amigos.,"Entre amigos, su <MASK> “Sparky” capturó su personalidad vivaz y espíritu enérgico."
256,cigar,cigarro,FALSE COGNATE,N,He lit a <MASK> after dinner.,The rich aroma of the Cuban <MASK> filled the room as the business deal was finalized.,Encendió una <MASK> en la calle oscura.,El hábito del personaje de fumar una <MASK> durante escenas tensas se convirtió en un aspecto característico de su personaje en pantalla.
257,propaganda,propaganda,FALSE COGNATE,N,The government spread <MASK> to sway public opinion.,"During the war, the regime used powerful <MASK> to control the narrative and suppress dissent.",Trabajaron en la <MASK> de soluciones amigables con el medio ambiente.,La <MASK> de prácticas agrícolas sostenibles a través de talleres y campañas en los medios ayudó a inspirar a los agricultores locales a adoptar métodos ecológicos.
258,trance,trance,FALSE COGNATE,N,He seemed to be in a <MASK> while listening to the music.,"The hypnotist put the volunteer into a deep <MASK>, causing him to follow instructions without hesitation.",Logró sacar a su hermano de la <MASK>.,"Cuando sus jefes actuales y anteriores se reunieron en la conferencia, se encontró en una <MASK>, tratando de navegar entre sus opiniones contradictorias."
259,tuna,tuna,FALSE COGNATE,N,The <MASK> tasted delicious.,"The fishermen hauled in a massive <MASK>, which would fetch a high price at the seafood market.",El cactus tenía una <MASK>.,El nopal da el fruto llamado <MASK>.
260,axis,axis,FALSE COGNATE,N,The graph has an <MASK>.,"The Earth’s rotation around its <MASK> determines the cycle of day and night, impacting time zones across the globe.",La <MASK> es muy importante y no debe lesionarse.,"La <MASK> permite que la cabeza gire de lado a lado, lo cual es crucial para el movimiento y la flexibilidad del cuello."
261,actual,actual,FALSE COGNATE,ADJ,The <MASK> cost of the meal was lower than expected.,"The <MASK> data from the experiment contradicted the initial hypothesis, leading to a complete revision of the study’s conclusions.",La situación de <MASK> es problemática.,Su actitud <MASK> hacia el trabajo en equipo ha mejorado mucho y puede fomentar un sentido más fuerte de camaradería.
262,commodious,cómodo,FALSE COGNATE,ADJ,The hotel room was <MASK> and comfortable.,"The <MASK> mansion, with its grand ballroom and extensive gardens, hosted numerous high-society events.",Sus profesores eran sorprendentemente <MASK>.,Le encantaba el estilo de vida <MASK> en la isla y sentía que su estrés desaparecía cada día que pasaba.
263,casual,casual,FALSE COGNATE,ADJ,He wore <MASK> clothes to the party.,Her <MASK> demeanor at the interview gave the impression that she wasn’t taking the job opportunity seriously.,Fue un encuentro <MASK>.,El encuentro con <MASK> entre los dos viejos amigos desencadenó una serie de eventos inesperados que cambiarían sus vidas para siempre.
264,clerical,clerical,FALSE COGNATE,ADJ,The office handled mainly <MASK> tasks.,The company’s <MASK> staff was responsible for processing thousands of invoices and maintaining meticulous records.,La túnica era <MASK> y se adaptaba a su papel.,"Se puso una prenda <MASK> para la ceremonia, que simboliza la sabiduría y la guía espiritual."
265,eventual,eventual,FALSE COGNATE,ADJ,The <MASK> winner was a surprise to everyone.,"After months of negotiations, the <MASK> outcome of the merger dramatically altered the landscape of the tech industry.",Todos los arreglos son <MASK> y necesitan alternativas.,"Su contrato <MASK> describía términos temporales, en espera de la aprobación final de todas las partes involucradas."
266,formidable,formidable,FALSE COGNATE,ADJ,The boxer was a <MASK> opponent.,The <MASK> challenges facing the new CEO required strategic thinking and decisive action to stabilize the company.,Los bailarines montaron un espectáculo de <MASK> en el ayuntamiento.,"La actuación de ballet fue verdaderamente <MASK>, cautivando a la audiencia con su gracia y belleza."
267,genial,genial,FALSE COGNATE,ADJ,He was always a <MASK> host at gatherings.,"The <MASK> professor welcomed students into his office, creating a warm and supportive atmosphere for academic discussions.",Se sabía que sus ideas eran <MASK>.,"Conocida por su conocimiento de <MASK>, a menudo resolvía problemas complejos que otros no podían ni siquiera empezar a entender."
268,informal,informal,FALSE COGNATE,ADJ,The meeting was conducted in an <MASK> setting.,The <MASK> talks between the two countries paved the way for a historic peace agreement.,Era un empleado de <MASK>.,Su historial de <MASK> con plazos hizo que fuera un desafío para sus compañeros contar con su apoyo.
269,inhabitable,inhabitable,FALSE COGNATE,ADJ,The house was barely <MASK> after the storm.,"The remote cabin became <MASK> after extensive renovations, allowing the family to live off-grid in comfort.",Las autoridades consideraron que el terreno era <MASK>.,"El duro clima de la isla y la falta de agua dulce la convirtieron en <MASK>, lo que obligó a los exploradores a buscar recursos en otros lugares."
270,insensible,insensible,FALSE COGNATE,ADJ,She took many <MASK> decisions during her tenure.,"Given the budget constraints, it was <MASK> to expect a complete overhaul without additional funding.",El comediante hizo una broma <MASK>.,El comentario de <MASK> dejó a todos incómodos y destacó la necesidad de empatía en las conversaciones.
271,defunct,difunto,FALSE COGNATE,ADJ,The factory has been <MASK> for years.,"The <MASK> newspaper, once a cornerstone of the community, was remembered fondly by its former readers.",El hombre <MASK> se sintió honrado.,"El líder de <MASK> fue recordado por su dedicación y contribuciones a la comunidad, y cientos se reunieron para presentar sus respetos."
272,miserable,miserable,FALSE COGNATE,ADJ,He felt <MASK> after losing the game.,The <MASK> conditions in the refugee camp were exacerbated by the lack of clean water and medical supplies.,Había crecido <MASK> en las afueras de la ciudad.,"Al crecer en un vecindario de <MASK>, aprendió la resiliencia y el valor del trabajo duro desde temprana edad."
273,novel,novel,FALSE COGNATE,ADJ,The idea was <MASK> and innovative.,"The <MASK> approach to cancer treatment showed promising results in early clinical trials, potentially revolutionizing the field of oncology.",Era un empleado de <MASK> con fuertes habilidades.,"Como empleada de <MASK> en el campo, solicitó tutoría para ayudarla a desarrollar habilidades fundamentales."
274,regular,regular,FALSE COGNATE,ADJ,She follows a <MASK> routine every morning.,The doctor recommended <MASK> check-ups to monitor the patient’s health and prevent future complications.,Sus habilidades como carpintero eran <MASK>.,"A pesar de su entusiasmo, su desempeño en el deporte siguió siendo <MASK>, requiriendo más práctica para alcanzar la competencia."
275,sensible,sensible,FALSE COGNATE,ADJ,He made a <MASK> decision to save money.,The <MASK> allocation of resources during the crisis allowed the organization to survive the economic downturn.,Ella era una persona <MASK> que era amada por todos.,"Conocida por ser <MASK> para los sentimientos de los demás, a menudo notaba cambios sutiles en el humor de sus amigos."
276,suave,suave,FALSE COGNATE,ADJ,The diplomat was known for his <MASK> manners.,"The <MASK> negotiator effortlessly charmed both parties, guiding them to a mutually beneficial agreement.",El hombre pasó su mano por la tela <MASK>.,"Le encantaba la <MASK>, la textura aterciopelada de la manta, que era cálida y reconfortante al tacto."
277,voluble,voluble,FALSE COGNATE,ADJ,"She was <MASK> during the discussion, sharing many ideas.","The <MASK> politician delivered a passionate speech, captivating the audience with her eloquent rhetoric.",Su comportamiento <MASK> hacía difícil predecir sus acciones.,"Su naturaleza <MASK> hacía difícil confiar en él, ya que frecuentemente cambiaba de opinión sin previo aviso."
278,vulgar,vulgar,FALSE COGNATE,ADJ,His language was <MASK> and offensive.,The comedian’s <MASK> jokes drew sharp criticism for crossing the line of decency in a public performance.,La mayoría de los chistes en el micrófono abierto eran <MASK>.,Los críticos encontraron que la trama <MASK> sigue la misma trama predecible y carece de momentos memorables o únicos.
279,extra,extra,FALSE COGNATE,ADJ,He brought <MASK> supplies just in case.,"The <MASK> security measures were implemented after a series of high-profile incidents in the area, ensuring public safety.",La clase hizo un esfuerzo <MASK> para ganar la competencia.,Su logro <MASK> en la competencia inspiró a los atletas más jóvenes a superar sus límites.
280,formal,formal,FALSE COGNATE,ADJ,The event had a <MASK> dress code.,"The <MASK> inauguration ceremony was attended by dignitaries from around the world, highlighting the importance of the occasion.",El auto era viejo y <MASK>.,"Conocido por su rendimiento <MASK>, el automóvil fue la elección de la familia para viajes largos por carretera sin preocupaciones."